TF	n_targets	dominant_sign	source
SP1	1333	activator	collectri
TP53	977	activator	collectri
RELA	962	activator	collectri
NFKB1	934	activator	collectri
JUN	900	activator	collectri
MYC	886	activator	collectri
NFKB2	818	activator	collectri
REL	816	activator	collectri
RELB	814	activator	collectri
RELA_RELB	797	activator	collectri
NFKB1_NFKB2	797	activator	collectri
NFKB2_RELA	797	activator	collectri
REL_RELB	797	activator	collectri
REL_RELA	797	activator	collectri
NFKB2_REL	797	activator	collectri
NFKB2_RELB	797	activator	collectri
NFKB1_RELA	797	activator	collectri
NFKB1_REL	797	activator	collectri
NFKB1_RELB	797	activator	collectri
ESR1	630	activator	collectri
JUND	623	activator	collectri
JUNB	620	activator	collectri
FOS_JUNB	592	activator	collectri
JUNB_JUND	592	activator	collectri
FOSL2_JUNB	592	activator	collectri
FOSL2_JUND	592	activator	collectri
FOSL1_JUND	592	activator	collectri
FOSL1_JUNB	592	activator	collectri
FOS_JUN	592	activator	collectri
FOS_JUND	592	activator	collectri
FOSL1_JUN	592	activator	collectri
FOSL2_JUN	592	activator	collectri
JUN_JUND	592	activator	collectri
JUN_JUNB	592	activator	collectri
FOSB_JUND	592	activator	collectri
FOSB_JUNB	592	activator	collectri
FOSB_JUN	592	activator	collectri
AR	512	activator	collectri
CREB1	464	activator	collectri
HIF1A	460	activator	collectri
CEBPB	449	activator	collectri
SP3	449	activator	collectri
STAT3	435	activator	collectri
PPARG	367	activator	collectri
EGR1	359	activator	collectri
SPI1	343	activator	collectri
FOS	341	activator	collectri
CTNNB1	340	activator	collectri
TFAP2A	314	activator	collectri
E2F1	314	activator	collectri
STAT1	303	activator	collectri
NR3C1	291	activator	collectri
HNF4A	280	activator	collectri
FOXO1	279	activator	collectri
PPARA	268	activator	collectri
YY1	264	activator	collectri
CEBPA	233	activator	collectri
ETS1	231	activator	collectri
NR1I2	230	activator	collectri
USF1	226	activator	collectri
STAT5A	214	activator	collectri
ESR2	207	activator	collectri
CEBPG	205	activator	collectri
TP63	204	activator	collectri
NFE2L2	203	activator	collectri
RUNX1	196	activator	collectri
FOXO3	195	activator	collectri
GATA3	193	activator	collectri
AHR	193	activator	collectri
SMAD3	189	activator	collectri
RARA	186	activator	collectri
DNMT1	185	activator	collectri
MYB	182	activator	collectri
GLI1	178	activator	collectri
E2F4	169	activator	collectri
IRF1	168	activator	collectri
TBP	166	activator	collectri
PAX6	166	activator	collectri
EZH2	156	activator	collectri
WT1	156	activator	collectri
RBPJ	155	activator	collectri
HNF1A	152	activator	collectri
GLI2	151	activator	collectri
VDR	150	activator	collectri
GATA1	147	activator	collectri
SSRP1	147	activator	collectri
CTCF	145	activator	collectri
MYOD1	143	activator	collectri
SMAD4	142	activator	collectri
PITX2	141	activator	collectri
GATA4	139	activator	collectri
MYCN	139	activator	collectri
NR1H3	136	activator	collectri
NR1H4	135	activator	collectri
FOXA2	134	activator	collectri
PGR	132	activator	collectri
SREBF1	130	activator	collectri
TCF3	129	activator	collectri
RUNX2	128	activator	collectri
KLF4	128	activator	collectri
ATF4	127	activator	collectri
STAT6	126	activator	collectri
TP73	125	activator	collectri
POU2F1	124	activator	collectri
NFATC1	122	activator	collectri
LEF1	119	activator	collectri
NR0B2	118	repressor	collectri
ATF2	118	activator	collectri
MEF2A	118	activator	collectri
TCF7L2	117	activator	collectri
PAX3	115	activator	collectri
USF2	114	activator	collectri
CUX1	112	activator	collectri
MITF	111	activator	collectri
RXRA	111	activator	collectri
ETS2	111	activator	collectri
NR4A1	110	activator	collectri
ATF3	109	activator	collectri
NR5A1	107	activator	collectri
SMAD2	107	activator	collectri
STAT5B	105	activator	collectri
GATA2	105	activator	collectri
SRF	104	activator	collectri
SOX9	104	activator	collectri
HSF1	102	activator	collectri
PPARD	100	activator	collectri
DDIT3	100	activator	collectri
BCL6	99	activator	collectri
SNAI1	98	activator	collectri
FOXM1	96	activator	collectri
CEBPD	96	activator	collectri
TAL1	95	activator	collectri
FLI1	94	activator	collectri
HR	94	activator	collectri
POU5F1	93	activator	collectri
NFATC2	93	activator	collectri
NFYA	93	activator	collectri
HES1	92	activator	collectri
EPAS1	92	activator	collectri
YBX1	91	activator	collectri
NCOA1	91	activator	collectri
NRF1	90	activator	collectri
SOX2	89	activator	collectri
NCOR1	89	activator	collectri
MEF2C	89	activator	collectri
MBD2	89	activator	collectri
RORA	88	activator	collectri
CREM	87	activator	collectri
GATA6	86	activator	collectri
PDX1	86	activator	collectri
ATF1	85	activator	collectri
THRA	83	activator	collectri
KAT7	83	activator	collectri
HDAC1	83	repressor	collectri
IRF3	82	activator	collectri
REST	81	repressor	collectri
NFIC	81	activator	collectri
NR2F2	79	activator	collectri
ELF1	79	activator	collectri
TWIST1	78	activator	collectri
ID1	77	activator	collectri
CDX2	77	activator	collectri
KLF5	75	activator	collectri
EP300	74	activator	collectri
NCOA3	74	activator	collectri
TFCP2	74	activator	collectri
SMAD1	74	activator	collectri
NKX2-5	73	activator	collectri
EGR2	73	activator	collectri
NEUROD1	72	activator	collectri
HMGA1	72	activator	collectri
FOXA1	71	activator	collectri
NKX3-1	71	activator	collectri
DNMT3B	70	activator	collectri
SREBF2	70	activator	collectri
ASCL1	70	activator	collectri
RUNX3	69	activator	collectri
KMT2A	69	activator	collectri
ARNT	68	activator	collectri
NCOR2	68	activator	collectri
E2F3	68	activator	collectri
IRF8	68	activator	collectri
NOTCH1	67	activator	collectri
NR2F1	67	activator	collectri
CLOCK	67	activator	collectri
PAX5	67	activator	collectri
KLF2	66	activator	collectri
SMAD7	66	repressor	collectri
PRDM1	66	mixed	collectri
ETV4	66	activator	collectri
ID2	66	activator	collectri
HNF1B	64	activator	collectri
MAF	64	activator	collectri
MYOG	64	activator	collectri
NR5A2	64	activator	collectri
NCOA2	64	activator	collectri
NKX2-1	63	activator	collectri
ZEB1	63	repressor	collectri
SIRT1	62	repressor	collectri
IRF2	61	activator	collectri
NR1I3	61	activator	collectri
PBX1	61	activator	collectri
ELK1	61	activator	collectri
KLF6	60	activator	collectri
NR4A2	60	activator	collectri
DNMT3A	60	mixed	collectri
BRCA1	60	activator	collectri
NFIA	60	activator	collectri
TTF1	60	activator	collectri
IRF4	59	activator	collectri
NANOG	59	activator	collectri
NR2C2	59	activator	collectri
TCF4	58	activator	collectri
EWSR1	58	activator	collectri
ERG	58	activator	collectri
KAT5	58	activator	collectri
BMAL1	58	activator	collectri
NR0B1	58	activator	collectri
ATF6	57	activator	collectri
THRB	57	activator	collectri
POU1F1	56	activator	collectri
FOXN1	56	activator	collectri
NR3C2	56	activator	collectri
XBP1	56	activator	collectri
ZNF699	55	activator	collectri
GFI1	54	activator	collectri
SMARCA1	54	activator	collectri
FOXP3	54	activator	collectri
TBX21	53	activator	collectri
RARB	53	activator	collectri
IKZF1	52	activator	collectri
MYBL2	52	activator	collectri
MTA1	52	activator	collectri
FOSL1	51	activator	collectri
NFAT5	51	activator	collectri
TCF12	51	activator	collectri
ZBTB16	50	activator	collectri
POU2F2	50	activator	collectri
E2F2	50	activator	collectri
STAT2	50	activator	collectri
ELF4	50	activator	collectri
NR1H2	49	activator	collectri
ZNF91	49	activator	collectri
HOXA10	49	activator	collectri
SP4	48	activator	collectri
GABPA	48	activator	collectri
SNAI2	48	repressor	collectri
MAX	48	activator	collectri
ESRRA	48	activator	collectri
HBP1	48	activator	collectri
MAZ	47	activator	collectri
MSX2	47	activator	collectri
MAFB	46	activator	collectri
SP7	45	activator	collectri
SOX17	45	activator	collectri
SATB1	44	activator	collectri
DLX4	43	activator	collectri
CDX1	43	activator	collectri
BHLHE40	43	activator	collectri
ZBTB17	43	activator	collectri
GLI3	43	activator	collectri
OTX2	43	activator	collectri
NFATC4	42	activator	collectri
HMGA2	42	activator	collectri
FOSL2	42	activator	collectri
TAF1	42	activator	collectri
APEX1	41	activator	collectri
NFATC3	41	activator	collectri
LHX2	41	activator	collectri
SRY	41	activator	collectri
E2F6	41	activator	collectri
ISL1	41	activator	collectri
NR4A3	40	activator	collectri
RARG	40	activator	collectri
HAND2	40	activator	collectri
TBPL1	40	activator	collectri
NFYB	40	activator	collectri
HOXA9	39	activator	collectri
PITX1	39	activator	collectri
FOSB	38	activator	collectri
NFIL3	38	repressor	collectri
SOX10	37	activator	collectri
DLX5	37	activator	collectri
TFAP4	36	activator	collectri
IRF5	36	activator	collectri
ZBTB7A	36	activator	collectri
TFE3	36	activator	collectri
DBP	36	activator	collectri
CREBBP	36	activator	collectri
CEBPE	36	activator	collectri
KDM5B	36	activator	collectri
NRG1	36	activator	collectri
NEUROG3	35	activator	collectri
ONECUT1	35	activator	collectri
ID3	35	activator	collectri
SMAD5	35	activator	collectri
TFAP2C	34	activator	collectri
PROX1	34	activator	collectri
POU4F2	34	activator	collectri
IRF7	34	activator	collectri
TWIST2	34	activator	collectri
MECP2	34	repressor	collectri
PAX8	34	activator	collectri
TBX2	33	repressor	collectri
ELF3	33	activator	collectri
RB1	33	repressor	collectri
EBF1	33	activator	collectri
HEY1	33	repressor	collectri
PPARGC1A	33	activator	collectri
JDP2	33	activator	collectri
EGR3	32	activator	collectri
MTF1	32	activator	collectri
FOXP1	32	activator	collectri
CIITA	32	activator	collectri
SATB2	32	activator	collectri
STAT4	31	activator	collectri
POU4F1	31	activator	collectri
TFDP1	31	activator	collectri
CRX	31	activator	collectri
FOXO4	31	activator	collectri
VSX2	30	activator	collectri
ATF5	30	activator	collectri
ZNF143	30	activator	collectri
ZNF148	30	activator	collectri
KLF10	30	activator	collectri
HESX1	30	activator	collectri
ZEB2	29	activator	collectri
LMO2	29	activator	collectri
SFPQ	29	activator	collectri
POU3F2	29	activator	collectri
KLF1	29	activator	collectri
GRHL3	29	activator	collectri
MSC	29	activator	collectri
MXD1	28	activator	collectri
MEF2D	28	activator	collectri
HHEX	28	activator	collectri
ZNF354C	28	activator	collectri
NFIX	28	activator	collectri
TBX15	28	activator	collectri
NR1D1	28	repressor	collectri
BHLHE41	28	activator	collectri
ELK3	28	activator	collectri
BCL3	28	activator	collectri
IRF9	27	activator	collectri
MYF5	27	activator	collectri
ETV6	27	repressor	collectri
GTF3A	27	activator	collectri
GATA5	27	activator	collectri
ARX	27	activator	collectri
KLF11	27	activator	collectri
KLF15	27	activator	collectri
HDAC3	27	repressor	collectri
NFIB	26	activator	collectri
ZGLP1	26	activator	collectri
TFAP2B	26	activator	collectri
YBX3	26	activator	collectri
HOXA1	26	activator	collectri
FOXL2	26	activator	collectri
EOMES	26	activator	collectri
KLF9	26	activator	collectri
MSX1	26	activator	collectri
NKX2-2	26	activator	collectri
TEAD1	25	activator	collectri
LITAF	25	activator	collectri
TBX5	25	activator	collectri
HSF2	25	activator	collectri
PAX2	25	activator	collectri
NEUROG2	25	activator	collectri
ESRRG	25	activator	collectri
ZNF384	25	activator	collectri
RFX5	25	activator	collectri
FOXC2	24	activator	collectri
SMAD6	24	repressor	collectri
BCL11B	24	activator	collectri
RFX1	24	activator	collectri
VHL	24	mixed	collectri
POU3F1	24	activator	collectri
SOX6	24	activator	collectri
HDAC4	24	repressor	collectri
MEIS1	24	activator	collectri
MAFK	24	activator	collectri
SP2	23	activator	collectri
NFYC	23	activator	collectri
PITX3	23	activator	collectri
ETV5	23	activator	collectri
MZF1	23	activator	collectri
AIRE	23	activator	collectri
PREB	23	activator	collectri
HOXB7	23	activator	collectri
TBX3	23	repressor	collectri
LMX1B	23	activator	collectri
SOX4	23	activator	collectri
MAFA	23	activator	collectri
TCF7	23	activator	collectri
ZNF362	22	activator	collectri
NFE2	22	activator	collectri
ETV1	22	activator	collectri
GTF2I	22	activator	collectri
RORC	22	activator	collectri
DLX2	22	activator	collectri
KLF8	21	activator	collectri
ZBED1	21	activator	collectri
NR2C1	21	activator	collectri
CXXC1	21	activator	collectri
HIC1	21	repressor	collectri
CREBZF	20	activator	collectri
PURA	20	activator	collectri
SKIL	20	activator	collectri
SALL4	20	activator	collectri
BHLHA15	20	activator	collectri
PKNOX1	20	activator	collectri
NONO	20	activator	collectri
DLX3	20	activator	collectri
HOXD13	20	activator	collectri
RFXANK	20	activator	collectri
FOXJ1	19	activator	collectri
NFKBIB	19	activator	collectri
IRX1	19	repressor	collectri
CEBPZ	19	activator	collectri
ENO1	19	activator	collectri
OLIG2	19	activator	collectri
NKX6-1	19	activator	collectri
SPDEF	19	activator	collectri
HEY2	19	activator	collectri
PLAGL1	19	activator	collectri
DMTF1	19	activator	collectri
MECOM	19	activator	collectri
FOXC1	19	activator	collectri
HDAC9	19	repressor	collectri
PML	18	activator	collectri
HLF	18	activator	collectri
SIX1	18	activator	collectri
ERF	18	activator	collectri
PAX7	18	activator	collectri
NRL	18	activator	collectri
ZFP42	18	activator	collectri
KDM5A	18	activator	collectri
SOX5	18	activator	collectri
RFXAP	18	activator	collectri
LRRFIP1	17	activator	collectri
ZNF331	17	repressor	collectri
MED1	17	activator	collectri
FOXQ1	17	activator	collectri
MBD1	17	mixed	collectri
HLX	17	activator	collectri
SPIB	17	activator	collectri
PTF1A	17	activator	collectri
ZIC1	17	activator	collectri
ZFPM1	16	activator	collectri
PHOX2B	16	activator	collectri
MLXIPL	16	activator	collectri
BACH1	16	activator	collectri
NR2E1	16	activator	collectri
BCL11A	16	activator	collectri
NR2F6	16	repressor	collectri
BATF	16	activator	collectri
CTBP2	16	activator	collectri
SMARCA5	16	activator	collectri
RCOR2	16	activator	collectri
KCNIP3	16	activator	collectri
TRPS1	16	repressor	collectri
TEF	16	activator	collectri
TRERF1	16	mixed	collectri
TCF21	16	activator	collectri
NEUROG1	16	activator	collectri
JARID2	16	activator	collectri
HTATIP2	16	activator	collectri
HOXA13	16	activator	collectri
FOXG1	16	repressor	collectri
HOXA5	16	activator	collectri
TBXT	15	activator	collectri
ZBTB7B	15	activator	collectri
ZFHX3	15	mixed	collectri
TFAM	15	activator	collectri
TET1	15	activator	collectri
ING4	15	repressor	collectri
BARX2	15	activator	collectri
IRF6	15	activator	collectri
FOXD3	15	activator	collectri
KMT2B	15	activator	collectri
NR6A1	15	activator	collectri
CREB3	15	activator	collectri
KAT2B	15	activator	collectri
EGR4	15	activator	collectri
NR2E3	15	activator	collectri
RXRB	15	activator	collectri
ZKSCAN7	14	activator	collectri
HOXC8	14	activator	collectri
ZNF236	14	activator	collectri
TBX1	14	activator	collectri
ATOH1	14	activator	collectri
HAND1	14	activator	collectri
ETV7	14	activator	collectri
FOXA3	14	activator	collectri
ZBTB4	14	activator	collectri
ID4	14	activator	collectri
KLF3	14	activator	collectri
GSC	14	activator	collectri
HOXB13	13	activator	collectri
SCX	13	activator	collectri
KLF13	13	activator	collectri
FOXH1	13	activator	collectri
EHF	13	activator	collectri
TBX18	13	activator	collectri
HOXA7	13	activator	collectri
MYF6	13	activator	collectri
HOXB2	13	activator	collectri
FOXF2	13	activator	collectri
MTA3	13	activator	collectri
LYL1	13	activator	collectri
DEAF1	13	activator	collectri
HDAC7	13	repressor	collectri
LHX3	13	activator	collectri
PHOX2A	13	activator	collectri
ZGPAT	12	activator	collectri
NEUROD2	12	activator	collectri
GFI1B	12	mixed	collectri
SOX11	12	activator	collectri
SIN3A	12	repressor	collectri
NPM1	12	activator	collectri
SF1	12	activator	collectri
ARID4B	12	repressor	collectri
KDM5C	12	activator	collectri
MYBL1	12	activator	collectri
ZFPM2	12	activator	collectri
PROP1	12	activator	collectri
TEAD4	12	activator	collectri
HOXC6	12	activator	collectri
E2F5	12	activator	collectri
CREB5	12	repressor	collectri
LHX8	12	activator	collectri
TGFB1I1	12	activator	collectri
TGIF1	12	mixed	collectri
KAT6A	12	activator	collectri
PATZ1	12	activator	collectri
ZNF382	11	repressor	collectri
CREB3L1	11	activator	collectri
BRD4	11	activator	collectri
PRDM2	11	activator	collectri
FOXP2	11	repressor	collectri
SRSF2	11	activator	collectri
CTCFL	11	activator	collectri
ZBTB33	11	activator	collectri
HSF4	11	mixed	collectri
ELF5	11	activator	collectri
PHF20	11	activator	collectri
ETV3	11	repressor	collectri
NEUROD6	11	activator	collectri
ATOH7	11	activator	collectri
KLF12	11	activator	collectri
SIX3	11	activator	collectri
ESRRB	11	activator	collectri
HNF4G	11	activator	collectri
SIM2	11	activator	collectri
EN1	11	activator	collectri
HIVEP2	11	activator	collectri
ELF2	11	activator	collectri
PBX2	11	activator	collectri
MYRF	10	activator	collectri
NOTO	10	activator	collectri
ABL1	10	activator	collectri
MNT	10	activator	collectri
TBPL2	10	activator	collectri
HIVEP1	10	activator	collectri
HDAC5	10	repressor	collectri
SMARCA4	10	activator	collectri
FOXI1	10	activator	collectri
SPIC	10	activator	collectri
FGF2	10	activator	collectri
TBX6	10	activator	collectri
HOXB1	10	activator	collectri
DLX1	10	activator	collectri
CTBP1	10	repressor	collectri
ASCL2	10	activator	collectri
ZHX2	10	repressor	collectri
ZNF263	10	activator	collectri
ZNF804A	10	activator	collectri
SALL3	10	activator	collectri
GCM1	10	activator	collectri
NKRF	10	activator	collectri
KDM2A	10	activator	collectri
PAX9	10	activator	collectri
KLF7	10	activator	collectri
POU2F3	10	activator	collectri
HOXB4	10	activator	collectri
HOXD3	10	activator	collectri
RREB1	10	activator	collectri
OVOL1	9	activator	collectri
TLX1	9	activator	collectri
PBRM1	9	activator	collectri
TFAP2D	9	activator	collectri
MEIS2	9	activator	collectri
CREB3L3	9	activator	collectri
ZNF350	9	mixed	collectri
UBTF	9	activator	collectri
ARID5B	9	activator	collectri
WWTR1	9	activator	collectri
EBF3	9	activator	collectri
BMAL2	9	activator	collectri
ZBTB18	9	repressor	collectri
PAX4	9	activator	collectri
YAP1	9	activator	collectri
HOXB3	9	activator	collectri
MYT1	9	activator	collectri
GRHL2	9	activator	collectri
HOPX	9	activator	collectri
HMGB2	9	activator	collectri
HIPK2	9	repressor	collectri
HINFP	9	activator	collectri
HES6	9	repressor	collectri
PRDM4	9	activator	collectri
NPAS2	9	activator	collectri
FEZF1	9	activator	collectri
EMX2	9	activator	collectri
E4F1	9	activator	collectri
VEZF1	8	activator	collectri
SMARCC1	8	activator	collectri
NSD2	8	activator	collectri
PEG3	8	activator	collectri
SIX4	8	activator	collectri
PLAGL2	8	activator	collectri
PARK7	8	activator	collectri
TFEB	8	activator	collectri
ZMYND8	8	repressor	collectri
ZNF300	8	activator	collectri
ZNF335	8	activator	collectri
TADA2A	8	activator	collectri
NFE2L1	8	activator	collectri
ETV2	8	activator	collectri
FEZF2	8	activator	collectri
MXI1	8	activator	collectri
DMRT1	8	activator	collectri
LMX1A	8	activator	collectri
DOT1L	8	activator	collectri
MESP2	8	activator	collectri
MAFG	8	activator	collectri
FEV	8	activator	collectri
FOXE1	8	activator	collectri
BCLAF1	8	activator	collectri
MEOX1	8	activator	collectri
FOXF1	8	activator	collectri
HOXA11	8	repressor	collectri
FOXN4	8	activator	collectri
GBX2	8	activator	collectri
GLIS3	8	activator	collectri
HCFC1	8	activator	collectri
MYOCD	8	activator	collectri
DACH1	8	repressor	collectri
BARX1	8	activator	collectri
ATF7	8	activator	collectri
NFKBIZ	8	activator	collectri
ARID1A	8	activator	collectri
BACH2	8	repressor	collectri
TBX20	7	activator	collectri
SMAD9	7	activator	collectri
NFE2L3	7	activator	collectri
ZNF160	7	activator	collectri
ZNF202	7	repressor	collectri
PLAG1	7	activator	collectri
FHL2	7	activator	collectri
MEOX2	7	activator	collectri
OLIG1	7	activator	collectri
MKX	7	activator	collectri
ZNF436	7	activator	collectri
NKX3-2	7	activator	collectri
ZNF395	7	activator	collectri
RXRG	7	activator	collectri
SOX3	7	repressor	collectri
E2F7	7	repressor	collectri
TCF15	7	activator	collectri
MEF2B	7	activator	collectri
ARID3A	7	activator	collectri
BCOR	7	repressor	collectri
NR1D2	7	repressor	collectri
BTG2	7	activator	collectri
KAT6B	7	activator	collectri
NAB2	7	repressor	collectri
TSC22D1	7	activator	collectri
PRRX1	7	activator	collectri
IKZF4	7	activator	collectri
HES5	7	repressor	collectri
HOXD1	7	activator	collectri
HOXC13	7	activator	collectri
HDGF	7	activator	collectri
SHOX2	7	activator	collectri
ZIC2	7	activator	collectri
HOXB9	7	activator	collectri
ZNF76	7	activator	collectri
SON	7	activator	collectri
SETBP1	6	activator	collectri
HOXA2	6	repressor	collectri
LHX4	6	activator	collectri
SALL1	6	activator	collectri
LHX1	6	activator	collectri
POU4F3	6	activator	collectri
RORB	6	activator	collectri
KDM5D	6	activator	collectri
RFX3	6	activator	collectri
IKZF3	6	activator	collectri
HIVEP3	6	activator	collectri
NHLH2	6	activator	collectri
HIF3A	6	repressor	collectri
HEYL	6	repressor	collectri
ZNF410	6	activator	collectri
AIP	6	repressor	collectri
ZNF217	6	activator	collectri
ARID3B	6	activator	collectri
ZBTB14	6	mixed	collectri
TSHZ3	6	activator	collectri
TRIM28	6	repressor	collectri
CHD4	6	repressor	collectri
TOX3	6	activator	collectri
TLX3	6	activator	collectri
THAP11	6	mixed	collectri
TFDP3	6	repressor	collectri
TEAD2	6	activator	collectri
TCF7L1	6	repressor	collectri
TBR1	6	activator	collectri
ELK4	6	activator	collectri
PIAS1	6	mixed	collectri
SP6	6	activator	collectri
SOX7	6	activator	collectri
SOX18	6	activator	collectri
GTF2IRD1	6	activator	collectri
PIN1	6	activator	collectri
FOXD1	6	mixed	collectri
ZXDC	6	activator	collectri
PHF5A	6	activator	collectri
MTF2	6	activator	collectri
MTA2	6	mixed	collectri
NUPR1	6	activator	collectri
NKX6-3	6	activator	collectri
PAWR	6	repressor	collectri
HOXD4	5	activator	collectri
HOXD8	5	activator	collectri
PAX1	5	activator	collectri
SALL2	5	activator	collectri
ZFX	5	activator	collectri
ASXL1	5	activator	collectri
MAML1	5	activator	collectri
HOXB5	5	activator	collectri
NHLH1	5	activator	collectri
ZFP64	5	activator	collectri
IKZF2	5	activator	collectri
CAMTA1	5	activator	collectri
LMO4	5	repressor	collectri
ZNF423	5	activator	collectri
RFX2	5	activator	collectri
VENTX	5	activator	collectri
HOXD10	5	activator	collectri
RFX4	5	activator	collectri
ARID4A	5	activator	collectri
NFX1	5	activator	collectri
AHRR	5	activator	collectri
MLX	5	activator	collectri
MNX1	5	activator	collectri
MIXL1	5	activator	collectri
TBX10	5	activator	collectri
ZNF219	5	activator	collectri
ZNF24	5	activator	collectri
DMAP1	5	activator	collectri
SUPT20H	5	activator	collectri
STOX1	5	activator	collectri
DAXX	5	repressor	collectri
TFDP2	5	activator	collectri
FOXO6	5	activator	collectri
ARID1B	5	activator	collectri
TLX2	5	activator	collectri
PA2G4	5	repressor	collectri
SMARCB1	5	activator	collectri
AEBP1	5	activator	collectri
INSM1	5	activator	collectri
MLXIP	5	activator	collectri
PRDM16	5	activator	collectri
ZBTB38	5	activator	collectri
KLF17	5	repressor	collectri
NCOA6	5	activator	collectri
IRX4	5	activator	collectri
POU2AF1	5	activator	collectri
PPARGC1B	5	activator	collectri
ZBTB32	5	activator	collectri
KAT8	4	activator	collectri
ARID5A	4	activator	collectri
TFEC	4	activator	collectri
ONECUT2	4	activator	collectri
KMT2E	4	activator	collectri
KDM2B	4	repressor	collectri
SIM1	4	activator	collectri
FIGLA	4	activator	collectri
FOXD2	4	activator	collectri
SKI	4	activator	collectri
HMGB1	4	activator	collectri
HMGXB4	4	mixed	collectri
ZNF274	4	activator	collectri
NACC1	4	activator	collectri
ASH1L	4	activator	collectri
POU6F2	4	activator	collectri
NEUROD4	4	activator	collectri
POU3F3	4	activator	collectri
ZIC3	4	activator	collectri
SMARCE1	4	activator	collectri
ZNF32	4	mixed	collectri
ZNF316	4	activator	collectri
TOX	4	activator	collectri
ATOH8	4	activator	collectri
SOHLH1	4	activator	collectri
SNW1	4	activator	collectri
FUS	4	activator	collectri
CITED2	4	repressor	collectri
CNOT7	4	repressor	collectri
POU3F4	4	activator	collectri
NPAS1	4	repressor	collectri
KLF14	4	activator	collectri
SOX8	4	activator	collectri
OSR1	4	activator	collectri
ZBTB2	4	repressor	collectri
ALX1	4	activator	collectri
NKX6-2	4	activator	collectri
MAFF	4	activator	collectri
ARHGAP35	4	activator	collectri
TLE5	4	activator	collectri
ATF6B	4	activator	collectri
TBX4	4	activator	collectri
RERE	4	activator	collectri
ATRX	4	activator	collectri
MRTFA	4	activator	collectri
HOXD11	4	activator	collectri
CASZ1	4	activator	collectri
PIAS3	4	activator	collectri
DUX4	4	activator	collectri
VSX1	4	activator	collectri
PIAS2	4	repressor	collectri
VAX2	4	activator	collectri
DR1	4	activator	collectri
PURB	4	repressor	collectri
BSX	4	activator	collectri
NPAS4	4	activator	collectri
XPC	4	repressor	collectri
TCF20	4	activator	collectri
IRF2BPL	4	repressor	collectri
BPTF	4	activator	collectri
NANOGP8	4	repressor	collectri
HOXC9	4	mixed	collectri
HOXC11	4	activator	collectri
DMBX1	4	activator	collectri
HOXA4	4	activator	collectri
CBFB	4	activator	collectri
HOXB6	4	mixed	collectri
RLF	4	activator	collectri
UTF1	4	activator	collectri
L3MBTL1	3	activator	collectri
NOBOX	3	activator	collectri
FOXP4	3	repressor	collectri
ZNF20	3	activator	collectri
ZNF281	3	mixed	collectri
FOXS1	3	repressor	collectri
TBX22	3	repressor	collectri
ZNF250	3	activator	collectri
MEIS3	3	activator	collectri
BATF3	3	repressor	collectri
LDB1	3	activator	collectri
OTX1	3	activator	collectri
ZNF260	3	activator	collectri
LBX1	3	activator	collectri
LHX9	3	activator	collectri
TCFL5	3	activator	collectri
E2F8	3	activator	collectri
KMT2D	3	activator	collectri
NRIP1	3	repressor	collectri
ZNF224	3	activator	collectri
FOXK1	3	activator	collectri
THAP1	3	mixed	collectri
ZNF165	3	repressor	collectri
EN2	3	activator	collectri
EVX1	3	activator	collectri
MUC1	3	activator	collectri
TFCP2L1	3	activator	collectri
DMRTA1	3	activator	collectri
NFKBIE	3	activator	collectri
THAP9	3	activator	collectri
TFAP2E	3	activator	collectri
SP100	3	repressor	collectri
IRX3	3	mixed	collectri
NKX2-6	3	activator	collectri
CDX4	3	activator	collectri
PRDM10	3	activator	collectri
SIN3B	3	activator	collectri
DNMT3L	3	activator	collectri
PER2	3	repressor	collectri
SHOX	3	activator	collectri
ASCL4	3	activator	collectri
YY2	3	activator	collectri
HMBOX1	3	mixed	collectri
ZNF451	3	repressor	collectri
ZNF461	3	repressor	collectri
TSG101	3	repressor	collectri
SOX1	3	mixed	collectri
HMX1	3	activator	collectri
HOXC4	3	activator	collectri
CBFA2T3	3	repressor	collectri
ZNF521	3	repressor	collectri
NCOA4	3	activator	collectri
UBP1	3	activator	collectri
UNCX	3	activator	collectri
ZBED6	3	activator	collectri
PBX4	3	activator	collectri
HOXB8	3	repressor	collectri
PRDM13	3	mixed	collectri
PRDM5	3	activator	collectri
CIC	3	mixed	collectri
PCGF2	3	repressor	collectri
BHLHE23	3	activator	collectri
GSX1	3	activator	collectri
IRX5	3	mixed	collectri
BRD7	3	activator	collectri
TRIM22	3	activator	collectri
RAX	3	activator	collectri
ZBTB20	3	repressor	collectri
WNT3A	3	activator	collectri
ZKSCAN3	3	activator	collectri
ZNF746	3	activator	collectri
BCL6B	3	activator	collectri
CARF	3	activator	collectri
RCOR1	3	mixed	collectri
TOX2	3	activator	collectri
ZFP57	2	activator	collectri
TERF2	2	mixed	collectri
ZFAT	2	activator	collectri
ZBTB10	2	activator	collectri
BTAF1	2	repressor	collectri
BHLHE22	2	mixed	collectri
DMRT3	2	activator	collectri
MXD4	2	mixed	collectri
DACH2	2	repressor	collectri
ZFHX2	2	activator	collectri
ZNF174	2	repressor	collectri
ZNF16	2	activator	collectri
ZNF135	2	activator	collectri
MYCL	2	mixed	collectri
ZMIZ1	2	activator	collectri
COPS5	2	mixed	collectri
ZKSCAN4	2	repressor	collectri
THAP7	2	activator	collectri
MYT1L	2	repressor	collectri
ZHX3	2	mixed	collectri
CREB3L2	2	activator	collectri
CREB3L4	2	activator	collectri
ARNT2	2	activator	collectri
CREBL2	2	activator	collectri
CREBRF	2	mixed	collectri
TRRAP	2	mixed	collectri
CUX2	2	mixed	collectri
TSHZ1	2	mixed	collectri
DDX5	2	activator	collectri
DLX6	2	activator	collectri
ZBTB12	2	activator	collectri
ZFP90	2	activator	collectri
TRIB3	2	mixed	collectri
SP8	2	activator	collectri
TCF23	2	repressor	collectri
OVOL2	2	mixed	collectri
LMO3	2	repressor	collectri
HOXC10	2	mixed	collectri
HOXA3	2	activator	collectri
ZNF571	2	activator	collectri
HMX3	2	activator	collectri
MAML2	2	activator	collectri
ZNF503	2	repressor	collectri
MED23	2	activator	collectri
SIRT6	2	repressor	collectri
HES4	2	activator	collectri
ZNF398	2	activator	collectri
PARP10	2	repressor	collectri
AKNA	2	activator	collectri
ALX3	2	activator	collectri
GSX2	2	activator	collectri
GRHL1	2	repressor	collectri
SMARCD3	2	activator	collectri
GMEB1	2	activator	collectri
SND1	2	activator	collectri
PBX3	2	mixed	collectri
RBPJL	2	activator	collectri
RBCK1	2	activator	collectri
KDM3B	2	activator	collectri
PHF8	2	activator	collectri
PIAS4	2	mixed	collectri
ZXDA	2	activator	collectri
PHF1	2	repressor	collectri
LCOR	2	mixed	collectri
PHB1	2	mixed	collectri
KMT2C	2	activator	collectri
KLF16	2	repressor	collectri
POU6F1	2	activator	collectri
RBAK	2	activator	collectri
LIN28A	2	activator	collectri
ZSCAN10	2	activator	collectri
ISL2	2	mixed	collectri
ZNF8	2	repressor	collectri
IRX2	2	repressor	collectri
PRRX2	2	activator	collectri
ZNF77	2	activator	collectri
HOXD9	2	activator	collectri
SOHLH2	2	activator	collectri
NKX2-8	2	activator	collectri
SPZ1	2	activator	collectri
FIZ1	2	activator	collectri
SPEN	2	activator	collectri
ZNF287	2	activator	collectri
FOXI3	2	activator	collectri
ZNF322	2	activator	collectri
SRCAP	2	activator	collectri
FOXD4	2	activator	collectri
NKX2-3	2	activator	collectri
ZNF277	2	activator	collectri
ST18	2	activator	collectri
SP5	2	mixed	collectri
EVX2	2	activator	collectri
ZNF256	2	activator	collectri
TAF4	2	mixed	collectri
ZNF239	2	mixed	collectri
EMX1	2	activator	collectri
EBF2	2	activator	collectri
TBX19	2	activator	collectri
ZNF205	2	repressor	collectri
FOXJ3	2	activator	collectri
ZBTB7C	2	mixed	collectri
FOXK2	2	activator	collectri
SOX15	2	activator	collectri
SOX21	2	activator	collectri
OTP	2	activator	collectri
GCM2	2	activator	collectri
ZNF304	2	repressor	collectri
FOXL1	2	activator	collectri
APBB1	2	repressor	collectri
ZNF296	2	activator	collectri
ZMYND11	1	activator	collectri
ADNP2	1	activator	collectri
ALX4	1	repressor	collectri
ZSCAN18	1	activator	collectri
ZSCAN21	1	activator	collectri
ADNP	1	activator	collectri
ANKRD1	1	repressor	collectri
ZFHX4	1	activator	collectri
ZNF266	1	activator	collectri
ZSCAN26	1	repressor	collectri
ZNF175	1	activator	collectri
NME2	1	activator	collectri
ZSCAN9	1	activator	collectri
ZNF134	1	activator	collectri
ZNF140	1	repressor	collectri
ZNF184	1	activator	collectri
ZNF2	1	activator	collectri
ZNF189	1	activator	collectri
ZC3H8	1	repressor	collectri
ZBTB8B	1	repressor	collectri
ZNF85	1	activator	collectri
ZNF268	1	activator	collectri
ZFP1	1	activator	collectri
ZNF267	1	repressor	collectri
ZNF492	1	activator	collectri
ZNF292	1	activator	collectri
ZNF513	1	activator	collectri
ZNF569	1	activator	collectri
ZBTB8A	1	repressor	collectri
ZNF431	1	mixed	collectri
ZNF419	1	activator	collectri
ZNF652	1	mixed	collectri
ZNF653	1	activator	collectri
ZNF667	1	mixed	collectri
ZNF671	1	mixed	collectri
ZNF417	1	activator	collectri
ZNF692	1	repressor	collectri
ZNF195	1	activator	collectri
AEBP2	1	repressor	collectri
ZNF711	1	mixed	collectri
ZNF383	1	repressor	collectri
ZNF750	1	repressor	collectri
NPAS3	1	activator	collectri
ZNF444	1	activator	collectri
ZNF79	1	activator	collectri
ZNF14	1	activator	collectri
LHX6	1	mixed	collectri
BARHL2	1	activator	collectri
GTF2B	1	activator	collectri
MED15	1	activator	collectri
HIRA	1	repressor	collectri
HES7	1	repressor	collectri
SIX2	1	activator	collectri
PASD1	1	repressor	collectri
SIX5	1	activator	collectri
HES3	1	repressor	collectri
SLC2A4RG	1	activator	collectri
PARP9	1	repressor	collectri
PARP14	1	repressor	collectri
GZF1	1	repressor	collectri
GTF2F1	1	activator	collectri
GTF2A1	1	activator	collectri
HMG20B	1	activator	collectri
MED26	1	activator	collectri
GSC2	1	activator	collectri
SMARCC2	1	activator	collectri
GLIS1	1	activator	collectri
SOX14	1	activator	collectri
GATAD2B	1	activator	collectri
OSR2	1	activator	collectri
SP140	1	activator	collectri
FOXN3	1	repressor	collectri
ONECUT3	1	activator	collectri
FOXJ2	1	activator	collectri
OLIG3	1	activator	collectri
MED12	1	activator	collectri
SCRT1	1	activator	collectri
NUCKS1	1	activator	collectri
PCBD1	1	mixed	collectri
PIR	1	activator	collectri
PLSCR1	1	activator	collectri
LIMD1	1	repressor	collectri
KAT2A	1	repressor	collectri
JAZF1	1	repressor	collectri
ISX	1	mixed	collectri
PPP1R13L	1	repressor	collectri
PRDM14	1	activator	collectri
PRDM8	1	repressor	collectri
PRMT5	1	mixed	collectri
LMO1	1	activator	collectri
IKZF5	1	activator	collectri
RBBP8	1	mixed	collectri
SAP30	1	activator	collectri
RBFOX2	1	repressor	collectri
HOXD12	1	activator	collectri
HOXC5	1	activator	collectri
RFX6	1	activator	collectri
RHOXF1	1	activator	collectri
RNF14	1	activator	collectri
LYAR	1	repressor	collectri
RUNX1T1	1	mixed	collectri
RUVBL1	1	repressor	collectri
RYBP	1	mixed	collectri
MBD3	1	repressor	collectri
HMX2	1	activator	collectri
FLYWCH1	1	repressor	collectri
MESP1	1	activator	collectri
NDN	1	mixed	collectri
CCND1	1	activator	collectri
TRIM14	1	activator	collectri
TRIM15	1	activator	collectri
TRIM21	1	activator	collectri
TRIM24	1	repressor	collectri
TRIM25	1	activator	collectri
TRIM27	1	activator	collectri
TRIM31	1	activator	collectri
TRIM5	1	activator	collectri
TRIM62	1	activator	collectri
TRIM8	1	activator	collectri
NAB1	1	mixed	collectri
CDC5L	1	activator	collectri
CCDC62	1	activator	collectri
TP53BP1	1	activator	collectri
CC2D1B	1	repressor	collectri
URI1	1	repressor	collectri
CC2D1A	1	repressor	collectri
VAX1	1	repressor	collectri
NACC2	1	repressor	collectri
YBX2	1	mixed	collectri
BBX	1	activator	collectri
ZBTB22	1	activator	collectri
BATF2	1	activator	collectri
ZBTB44	1	activator	collectri
ZBTB48	1	activator	collectri
ZBTB5	1	repressor	collectri
CGGBP1	1	repressor	collectri
MYBBP1A	1	activator	collectri
FERD3L	1	activator	collectri
DTX1	1	activator	collectri
FAM170A	1	activator	collectri
SUPT3H	1	activator	collectri
NSD1	1	activator	collectri
TAF12	1	activator	collectri
TAF5	1	activator	collectri
ESX1	1	repressor	collectri
TBL1X	1	mixed	collectri
TBL1XR1	1	activator	collectri
MID2	1	activator	collectri
EID2B	1	repressor	collectri
EID1	1	mixed	collectri
MIER1	1	activator	collectri
DRGX	1	activator	collectri
TOB1	1	repressor	collectri
DRAP1	1	activator	collectri
DNAJC2	1	activator	collectri
DNAJC1	1	activator	collectri
LHX5	1	activator	collectri
MSGN1	1	activator	collectri
TET2	1	activator	collectri
CREG1	1	repressor	collectri
THAP12	1	activator	collectri
TLE1	1	activator	collectri
TLE3	1	repressor	collectri
TLE4	1	mixed	collectri
CNOT4	1	activator	collectri
DMRTA2	1	activator	collectri
