TF	n_activating	n_repressing	n_targets	dominant_sign
ABL1	9	4	10	activator
ADNP	1	0	1	activator
ADNP2	1	0	1	activator
AEBP1	4	1	5	activator
AEBP2	0	1	1	repressor
AHR	176	50	193	activator
AHRR	4	3	5	activator
AIP	1	5	6	repressor
AIRE	22	2	23	activator
AKNA	2	0	2	activator
ALX1	3	1	4	activator
ALX3	2	0	2	activator
ALX4	0	1	1	repressor
ANKRD1	0	1	1	repressor
APBB1	0	2	2	repressor
APEX1	39	5	41	activator
AR	476	111	512	activator
ARHGAP35	4	2	4	activator
ARID1A	8	0	8	activator
ARID1B	5	0	5	activator
ARID3A	7	2	7	activator
ARID3B	6	0	6	activator
ARID4A	4	1	5	activator
ARID4B	1	11	12	repressor
ARID5A	4	0	4	activator
ARID5B	8	1	9	activator
ARNT	62	12	68	activator
ARNT2	2	0	2	activator
ARX	20	8	27	activator
ASCL1	64	11	70	activator
ASCL2	9	3	10	activator
ASCL4	3	0	3	activator
ASH1L	3	2	4	activator
ASXL1	5	2	5	activator
ATF1	81	9	85	activator
ATF2	114	12	118	activator
ATF3	83	44	109	activator
ATF4	122	17	127	activator
ATF5	30	7	30	activator
ATF6	51	13	57	activator
ATF6B	4	1	4	activator
ATF7	7	2	8	activator
ATOH1	12	2	14	activator
ATOH7	10	3	11	activator
ATOH8	4	0	4	activator
ATRX	3	2	4	activator
BACH1	12	10	16	activator
BACH2	4	6	8	repressor
BARHL2	1	0	1	activator
BARX1	8	1	8	activator
BARX2	15	1	15	activator
BATF	16	1	16	activator
BATF2	1	0	1	activator
BATF3	0	3	3	repressor
BBX	1	0	1	activator
BCL11A	13	6	16	activator
BCL11B	22	10	24	activator
BCL3	25	9	28	activator
BCL6	69	57	99	activator
BCL6B	3	1	3	activator
BCLAF1	8	0	8	activator
BCOR	4	7	7	repressor
BHLHA15	18	4	20	activator
BHLHE22	1	1	2	mixed
BHLHE23	3	0	3	activator
BHLHE40	32	21	43	activator
BHLHE41	19	18	28	activator
BMAL1	55	9	58	activator
BMAL2	9	1	9	activator
BPTF	4	1	4	activator
BRCA1	46	31	60	activator
BRD4	11	1	11	activator
BRD7	2	1	3	activator
BSX	4	0	4	activator
BTAF1	0	2	2	repressor
BTG2	4	3	7	activator
CAMTA1	5	0	5	activator
CARF	3	0	3	activator
CASZ1	4	0	4	activator
CBFA2T3	2	3	3	repressor
CBFB	4	1	4	activator
CC2D1A	0	1	1	repressor
CC2D1B	0	1	1	repressor
CCDC62	1	0	1	activator
CCND1	1	0	1	activator
CDC5L	1	0	1	activator
CDX1	41	6	43	activator
CDX2	71	14	77	activator
CDX4	3	0	3	activator
CEBPA	198	46	233	activator
CEBPB	437	68	449	activator
CEBPD	92	15	96	activator
CEBPE	31	6	36	activator
CEBPG	205	8	205	activator
CEBPZ	17	2	19	activator
CGGBP1	0	1	1	repressor
CHD4	3	6	6	repressor
CIC	2	2	3	mixed
CIITA	27	7	32	activator
CITED2	2	3	4	repressor
CLOCK	63	11	67	activator
CNOT4	1	0	1	activator
CNOT7	2	4	4	repressor
COPS5	1	1	2	mixed
CREB1	435	50	464	activator
CREB3	16	0	15	activator
CREB3L1	7	4	11	activator
CREB3L2	2	0	2	activator
CREB3L3	9	0	9	activator
CREB3L4	2	1	2	activator
CREB5	6	7	12	repressor
CREBBP	35	4	36	activator
CREBL2	2	0	2	activator
CREBRF	2	2	2	mixed
CREBZF	18	7	20	activator
CREG1	0	1	1	repressor
CREM	66	45	87	activator
CRX	28	7	31	activator
CTBP1	0	11	10	repressor
CTBP2	15	11	16	activator
CTCF	137	35	145	activator
CTCFL	11	1	11	activator
CTNNB1	296	69	340	activator
CUX1	200	66	112	activator
CUX2	1	1	2	mixed
CXXC1	21	0	21	activator
DACH1	4	8	8	repressor
DACH2	1	2	2	repressor
DAXX	0	5	5	repressor
DBP	37	1	36	activator
DDIT3	172	68	100	activator
DDX5	2	1	2	activator
DEAF1	11	5	13	activator
DLX1	9	3	10	activator
DLX2	20	4	22	activator
DLX3	20	1	20	activator
DLX4	42	5	43	activator
DLX5	36	1	37	activator
DLX6	2	0	2	activator
DMAP1	5	0	5	activator
DMBX1	4	0	4	activator
DMRT1	7	2	8	activator
DMRT3	2	0	2	activator
DMRTA1	4	0	3	activator
DMRTA2	1	0	1	activator
DMTF1	22	2	19	activator
DNAJC1	1	0	1	activator
DNAJC2	1	0	1	activator
DNMT1	168	94	185	activator
DNMT3A	41	41	60	mixed
DNMT3B	63	35	70	activator
DNMT3L	2	1	3	activator
DOT1L	6	3	8	activator
DR1	3	1	4	activator
DRAP1	1	0	1	activator
DRGX	1	0	1	activator
DTX1	1	0	1	activator
DUX4	4	0	4	activator
E2F1	285	56	314	activator
E2F2	46	11	50	activator
E2F3	68	4	68	activator
E2F4	143	34	169	activator
E2F5	8	4	12	activator
E2F6	29	15	41	activator
E2F7	2	5	7	repressor
E2F8	2	1	3	activator
E4F1	8	1	9	activator
EBF1	30	6	33	activator
EBF2	2	0	2	activator
EBF3	9	0	9	activator
EGR1	323	66	359	activator
EGR2	69	12	73	activator
EGR3	31	5	32	activator
EGR4	14	1	15	activator
EHF	12	4	13	activator
EID1	1	1	1	mixed
EID2B	0	1	1	repressor
ELF1	76	7	79	activator
ELF2	11	0	11	activator
ELF3	30	5	33	activator
ELF4	48	8	50	activator
ELF5	10	2	11	activator
ELK1	56	8	61	activator
ELK3	23	10	28	activator
ELK4	6	0	6	activator
EMX1	2	0	2	activator
EMX2	6	5	9	activator
EN1	8	6	11	activator
EN2	2	1	3	activator
ENO1	17	4	19	activator
EOMES	24	4	26	activator
EP300	69	15	74	activator
EPAS1	89	12	92	activator
ERF	13	7	18	activator
ERG	51	14	58	activator
ESR1	598	136	630	activator
ESR2	186	51	207	activator
ESRRA	42	9	48	activator
ESRRB	10	3	11	activator
ESRRG	22	6	25	activator
ESX1	0	1	1	repressor
ETS1	225	28	231	activator
ETS2	108	9	111	activator
ETV1	23	3	22	activator
ETV2	8	0	8	activator
ETV3	0	11	11	repressor
ETV4	62	6	66	activator
ETV5	20	3	23	activator
ETV6	16	17	27	repressor
ETV7	12	2	14	activator
EVX1	2	1	3	activator
EVX2	2	0	2	activator
EWSR1	53	16	58	activator
EZH2	126	106	156	activator
FAM170A	1	0	1	activator
FERD3L	1	0	1	activator
FEV	7	1	8	activator
FEZF1	8	4	9	activator
FEZF2	6	2	8	activator
FGF2	6	5	10	activator
FHL2	4	3	7	activator
FIGLA	4	0	4	activator
FIZ1	2	0	2	activator
FLI1	88	23	94	activator
FLYWCH1	0	1	1	repressor
FOS	319	53	341	activator
FOSB	35	6	38	activator
FOSB_JUN	559	37	592	activator
FOSB_JUNB	559	37	592	activator
FOSB_JUND	559	37	592	activator
FOSL1	41	13	51	activator
FOSL1_JUN	559	37	592	activator
FOSL1_JUNB	559	37	592	activator
FOSL1_JUND	559	37	592	activator
FOSL2	38	8	42	activator
FOSL2_JUN	559	37	592	activator
FOSL2_JUNB	559	37	592	activator
FOSL2_JUND	559	37	592	activator
FOS_JUN	559	37	592	activator
FOS_JUNB	559	37	592	activator
FOS_JUND	559	37	592	activator
FOXA1	59	18	71	activator
FOXA2	120	27	134	activator
FOXA3	14	7	14	activator
FOXC1	18	1	19	activator
FOXC2	24	3	24	activator
FOXD1	3	3	6	mixed
FOXD2	4	0	4	activator
FOXD3	14	4	15	activator
FOXD4	2	0	2	activator
FOXE1	6	2	8	activator
FOXF1	8	0	8	activator
FOXF2	8	6	13	activator
FOXG1	10	11	16	repressor
FOXH1	11	3	13	activator
FOXI1	10	1	10	activator
FOXI3	2	0	2	activator
FOXJ1	19	0	19	activator
FOXJ2	1	0	1	activator
FOXJ3	2	0	2	activator
FOXK1	2	1	3	activator
FOXK2	2	0	2	activator
FOXL1	2	0	2	activator
FOXL2	17	12	26	activator
FOXM1	90	15	96	activator
FOXN1	54	4	56	activator
FOXN3	0	1	1	repressor
FOXN4	8	1	8	activator
FOXO1	219	100	279	activator
FOXO3	165	52	195	activator
FOXO4	27	10	31	activator
FOXO6	4	3	5	activator
FOXP1	25	17	32	activator
FOXP2	6	7	11	repressor
FOXP3	41	23	54	activator
FOXP4	0	3	3	repressor
FOXQ1	16	5	17	activator
FOXS1	0	3	3	repressor
FUS	4	1	4	activator
GABPA	47	7	48	activator
GATA1	127	33	147	activator
GATA2	94	16	105	activator
GATA3	178	31	193	activator
GATA4	132	21	139	activator
GATA5	27	2	27	activator
GATA6	80	13	86	activator
GATAD2B	1	0	1	activator
GBX2	7	2	8	activator
GCM1	10	0	10	activator
GCM2	2	0	2	activator
GFI1	38	31	54	activator
GFI1B	9	9	12	mixed
GLI1	131	59	178	activator
GLI2	81	75	151	activator
GLI3	33	24	43	activator
GLIS1	1	0	1	activator
GLIS3	7	1	8	activator
GMEB1	2	1	2	activator
GRHL1	0	2	2	repressor
GRHL2	8	1	9	activator
GRHL3	31	2	29	activator
GSC	12	3	14	activator
GSC2	1	0	1	activator
GSX1	3	0	3	activator
GSX2	2	0	2	activator
GTF2A1	1	0	1	activator
GTF2B	1	0	1	activator
GTF2F1	1	0	1	activator
GTF2I	22	2	22	activator
GTF2IRD1	7	0	6	activator
GTF3A	27	0	27	activator
GZF1	0	1	1	repressor
HAND1	13	4	14	activator
HAND2	29	11	40	activator
HBP1	39	11	48	activator
HCFC1	7	1	8	activator
HDAC1	15	80	83	repressor
HDAC3	15	19	27	repressor
HDAC4	15	20	24	repressor
HDAC5	3	9	10	repressor
HDAC7	3	13	13	repressor
HDAC9	5	19	19	repressor
HDGF	5	3	7	activator
HES1	57	56	92	activator
HES3	0	1	1	repressor
HES4	2	1	2	activator
HES5	0	7	7	repressor
HES6	5	7	9	repressor
HES7	0	1	1	repressor
HESX1	28	4	30	activator
HEY1	19	20	33	repressor
HEY2	13	9	19	activator
HEYL	1	5	6	repressor
HHEX	24	8	28	activator
HIC1	11	18	21	repressor
HIF1A	440	60	460	activator
HIF3A	0	6	6	repressor
HINFP	8	2	9	activator
HIPK2	2	8	9	repressor
HIRA	0	1	1	repressor
HIVEP1	7	4	10	activator
HIVEP2	10	1	11	activator
HIVEP3	6	1	6	activator
HLF	17	2	18	activator
HLX	15	5	17	activator
HMBOX1	3	3	3	mixed
HMG20B	1	0	1	activator
HMGA1	67	18	72	activator
HMGA2	39	8	42	activator
HMGB1	4	0	4	activator
HMGB2	9	4	9	activator
HMGXB4	4	4	4	mixed
HMX1	3	0	3	activator
HMX2	1	0	1	activator
HMX3	2	0	2	activator
HNF1A	146	10	152	activator
HNF1B	62	9	64	activator
HNF4A	271	36	280	activator
HNF4G	11	0	11	activator
HOPX	8	1	9	activator
HOXA1	25	3	26	activator
HOXA10	41	18	49	activator
HOXA11	4	5	8	repressor
HOXA13	12	6	16	activator
HOXA2	1	6	6	repressor
HOXA3	2	0	2	activator
HOXA4	4	0	4	activator
HOXA5	15	5	16	activator
HOXA7	12	5	13	activator
HOXA9	35	5	39	activator
HOXB1	8	3	10	activator
HOXB13	9	6	13	activator
HOXB2	13	0	13	activator
HOXB3	9	1	9	activator
HOXB4	10	1	10	activator
HOXB5	5	0	5	activator
HOXB6	2	2	4	mixed
HOXB7	20	4	23	activator
HOXB8	0	3	3	repressor
HOXB9	7	1	7	activator
HOXC10	1	1	2	mixed
HOXC11	3	2	4	activator
HOXC13	5	4	7	activator
HOXC4	3	0	3	activator
HOXC5	1	0	1	activator
HOXC6	10	3	12	activator
HOXC8	11	6	14	activator
HOXC9	3	3	4	mixed
HOXD1	7	0	7	activator
HOXD10	5	0	5	activator
HOXD11	4	0	4	activator
HOXD12	1	0	1	activator
HOXD13	16	5	20	activator
HOXD3	10	0	10	activator
HOXD4	5	0	5	activator
HOXD8	6	0	5	activator
HOXD9	2	0	2	activator
HR	93	5	94	activator
HSF1	97	22	102	activator
HSF2	21	6	25	activator
HSF4	7	7	11	mixed
HTATIP2	12	8	16	activator
ID1	64	31	77	activator
ID2	56	31	66	activator
ID3	30	17	35	activator
ID4	13	4	14	activator
IKZF1	37	27	52	activator
IKZF2	5	0	5	activator
IKZF3	5	3	6	activator
IKZF4	7	0	7	activator
IKZF5	1	0	1	activator
ING4	6	10	15	repressor
INSM1	5	2	5	activator
IRF1	150	34	168	activator
IRF2	55	17	61	activator
IRF2BPL	2	3	4	repressor
IRF3	81	11	82	activator
IRF4	49	19	59	activator
IRF5	32	10	36	activator
IRF6	16	1	15	activator
IRF7	33	4	34	activator
IRF8	60	18	68	activator
IRF9	25	4	27	activator
IRX1	9	10	19	repressor
IRX2	0	2	2	repressor
IRX3	2	2	3	mixed
IRX4	5	1	5	activator
IRX5	3	3	3	mixed
ISL1	39	3	41	activator
ISL2	1	1	2	mixed
ISX	1	1	1	mixed
JARID2	11	10	16	activator
JAZF1	0	1	1	repressor
JDP2	29	12	33	activator
JUN	1211	142	900	activator
JUNB	658	57	620	activator
JUNB_JUND	559	37	592	activator
JUND	659	53	623	activator
JUN_JUNB	559	37	592	activator
JUN_JUND	559	37	592	activator
KAT2A	0	1	1	repressor
KAT2B	12	4	15	activator
KAT5	54	12	58	activator
KAT6A	12	0	12	activator
KAT6B	7	0	7	activator
KAT7	83	0	83	activator
KAT8	4	0	4	activator
KCNIP3	14	7	16	activator
KDM2A	9	6	10	activator
KDM2B	0	4	4	repressor
KDM3B	2	0	2	activator
KDM5A	16	5	18	activator
KDM5B	35	6	36	activator
KDM5C	8	4	12	activator
KDM5D	6	0	6	activator
KLF1	29	5	29	activator
KLF10	21	13	30	activator
KLF11	22	10	27	activator
KLF12	7	5	11	activator
KLF13	9	5	13	activator
KLF14	3	2	4	activator
KLF15	23	9	27	activator
KLF16	0	2	2	repressor
KLF17	0	5	5	repressor
KLF2	52	20	66	activator
KLF3	12	8	14	activator
KLF4	96	62	128	activator
KLF5	69	14	75	activator
KLF6	52	13	60	activator
KLF7	8	2	10	activator
KLF8	19	7	21	activator
KLF9	21	11	26	activator
KMT2A	70	5	69	activator
KMT2B	15	0	15	activator
KMT2C	2	0	2	activator
KMT2D	3	0	3	activator
KMT2E	4	1	4	activator
L3MBTL1	2	1	3	activator
LBX1	3	0	3	activator
LCOR	2	2	2	mixed
LDB1	2	1	3	activator
LEF1	102	30	119	activator
LHX1	6	1	6	activator
LHX2	42	2	41	activator
LHX3	13	0	13	activator
LHX4	6	1	6	activator
LHX5	1	0	1	activator
LHX6	1	1	1	mixed
LHX8	12	1	12	activator
LHX9	3	0	3	activator
LIMD1	0	1	1	repressor
LIN28A	2	0	2	activator
LITAF	24	1	25	activator
LMO1	1	0	1	activator
LMO2	25	5	29	activator
LMO3	1	2	2	repressor
LMO4	3	4	5	repressor
LMX1A	8	1	8	activator
LMX1B	22	4	23	activator
LRRFIP1	14	6	17	activator
LYAR	0	1	1	repressor
LYL1	11	4	13	activator
MAF	63	10	64	activator
MAFA	24	2	23	activator
MAFB	44	9	46	activator
MAFF	3	1	4	activator
MAFG	7	2	8	activator
MAFK	24	3	24	activator
MAML1	3	2	5	activator
MAML2	2	0	2	activator
MAX	43	11	48	activator
MAZ	45	7	47	activator
MBD1	12	12	17	mixed
MBD2	84	21	89	activator
MBD3	0	1	1	repressor
MECOM	17	6	19	activator
MECP2	2	33	34	repressor
MED1	15	2	17	activator
MED12	1	0	1	activator
MED15	1	0	1	activator
MED23	2	0	2	activator
MED26	1	0	1	activator
MEF2A	116	9	118	activator
MEF2B	7	0	7	activator
MEF2C	86	13	89	activator
MEF2D	26	3	28	activator
MEIS1	19	7	24	activator
MEIS2	9	1	9	activator
MEIS3	3	0	3	activator
MEOX1	7	2	8	activator
MEOX2	7	1	7	activator
MESP1	1	0	1	activator
MESP2	5	4	8	activator
MID2	1	0	1	activator
MIER1	1	0	1	activator
MITF	101	18	111	activator
MIXL1	5	0	5	activator
MKX	7	2	7	activator
MLX	4	1	5	activator
MLXIP	5	0	5	activator
MLXIPL	14	3	16	activator
MNT	9	3	10	activator
MNX1	5	1	5	activator
MRTFA	4	0	4	activator
MSC	24	6	29	activator
MSGN1	1	0	1	activator
MSX1	16	13	26	activator
MSX2	25	24	47	activator
MTA1	43	16	52	activator
MTA2	4	4	6	mixed
MTA3	10	4	13	activator
MTF1	31	3	32	activator
MTF2	6	3	6	activator
MUC1	2	1	3	activator
MXD1	24	10	28	activator
MXD4	2	2	2	mixed
MXI1	6	5	8	activator
MYB	176	27	182	activator
MYBBP1A	1	0	1	activator
MYBL1	12	0	12	activator
MYBL2	47	16	52	activator
MYC	814	169	886	activator
MYCL	1	1	2	mixed
MYCN	119	35	139	activator
MYF5	27	0	27	activator
MYF6	11	3	13	activator
MYOCD	8	0	8	activator
MYOD1	136	13	143	activator
MYOG	60	10	64	activator
MYRF	10	0	10	activator
MYT1	8	1	9	activator
MYT1L	0	2	2	repressor
MZF1	18	8	23	activator
NAB1	1	1	1	mixed
NAB2	3	5	7	repressor
NACC1	4	0	4	activator
NACC2	0	1	1	repressor
NANOG	42	25	59	activator
NANOGP8	0	4	4	repressor
NCOA1	91	3	91	activator
NCOA2	64	5	64	activator
NCOA3	74	5	74	activator
NCOA4	3	0	3	activator
NCOA6	5	0	5	activator
NCOR1	74	61	89	activator
NCOR2	58	36	68	activator
NDN	1	1	1	mixed
NEUROD1	66	10	72	activator
NEUROD2	12	1	12	activator
NEUROD4	4	0	4	activator
NEUROD6	11	0	11	activator
NEUROG1	13	5	16	activator
NEUROG2	19	8	25	activator
NEUROG3	31	6	35	activator
NFAT5	52	5	51	activator
NFATC1	116	12	122	activator
NFATC2	88	9	93	activator
NFATC3	37	11	41	activator
NFATC4	35	10	42	activator
NFE2	21	2	22	activator
NFE2L1	8	0	8	activator
NFE2L2	195	50	203	activator
NFE2L3	5	2	7	activator
NFIA	51	11	60	activator
NFIB	18	11	26	activator
NFIC	74	15	81	activator
NFIL3	25	26	38	repressor
NFIX	18	11	28	activator
NFKB1	1163	157	934	activator
NFKB1_NFKB2	750	53	797	activator
NFKB1_REL	750	53	797	activator
NFKB1_RELA	751	53	797	activator
NFKB1_RELB	750	53	797	activator
NFKB2	826	64	818	activator
NFKB2_REL	750	53	797	activator
NFKB2_RELA	750	53	797	activator
NFKB2_RELB	750	53	797	activator
NFKBIB	19	5	19	activator
NFKBIE	2	1	3	activator
NFKBIZ	8	1	8	activator
NFX1	4	2	5	activator
NFYA	91	12	93	activator
NFYB	38	4	40	activator
NFYC	21	2	23	activator
NHLH1	5	1	5	activator
NHLH2	5	2	6	activator
NKRF	10	4	10	activator
NKX2-1	60	9	63	activator
NKX2-2	27	5	26	activator
NKX2-3	2	0	2	activator
NKX2-5	69	14	73	activator
NKX2-6	3	0	3	activator
NKX2-8	2	1	2	activator
NKX3-1	57	17	71	activator
NKX3-2	5	2	7	activator
NKX6-1	18	5	19	activator
NKX6-2	4	0	4	activator
NKX6-3	7	0	6	activator
NME2	1	0	1	activator
NOBOX	3	0	3	activator
NONO	19	4	20	activator
NOTCH1	54	20	67	activator
NOTO	10	0	10	activator
NPAS1	0	4	4	repressor
NPAS2	9	1	9	activator
NPAS3	1	0	1	activator
NPAS4	3	2	4	activator
NPM1	9	5	12	activator
NR0B1	40	31	58	activator
NR0B2	68	84	118	repressor
NR1D1	6	24	28	repressor
NR1D2	2	6	7	repressor
NR1H2	42	10	49	activator
NR1H3	123	33	136	activator
NR1H4	108	44	135	activator
NR1I2	219	24	230	activator
NR1I3	59	11	61	activator
NR2C1	19	11	21	activator
NR2C2	55	10	59	activator
NR2E1	14	3	16	activator
NR2E3	15	2	15	activator
NR2F1	39	32	67	activator
NR2F2	63	36	79	activator
NR2F6	9	10	16	repressor
NR3C1	229	92	291	activator
NR3C2	47	14	56	activator
NR4A1	93	28	110	activator
NR4A2	51	13	60	activator
NR4A3	35	8	40	activator
NR5A1	104	7	107	activator
NR5A2	63	7	64	activator
NR6A1	12	11	15	activator
NRF1	86	11	90	activator
NRG1	36	2	36	activator
NRIP1	1	2	3	repressor
NRL	17	3	18	activator
NSD1	1	0	1	activator
NSD2	9	0	8	activator
NUCKS1	1	0	1	activator
NUPR1	5	3	6	activator
OLIG1	6	2	7	activator
OLIG2	19	5	19	activator
OLIG3	1	0	1	activator
ONECUT1	32	5	35	activator
ONECUT2	3	1	4	activator
ONECUT3	1	0	1	activator
OSR1	3	2	4	activator
OSR2	1	0	1	activator
OTP	2	0	2	activator
OTX1	3	0	3	activator
OTX2	41	4	43	activator
OVOL1	7	3	9	activator
OVOL2	1	1	2	mixed
PA2G4	1	5	5	repressor
PARK7	7	3	8	activator
PARP10	0	2	2	repressor
PARP14	0	1	1	repressor
PARP9	0	1	1	repressor
PASD1	0	1	1	repressor
PATZ1	12	6	12	activator
PAWR	2	4	6	repressor
PAX1	5	0	5	activator
PAX2	20	7	25	activator
PAX3	107	19	115	activator
PAX4	5	4	9	activator
PAX5	58	17	67	activator
PAX6	157	40	166	activator
PAX7	18	3	18	activator
PAX8	31	9	34	activator
PAX9	11	1	10	activator
PBRM1	9	1	9	activator
PBX1	57	15	61	activator
PBX2	9	2	11	activator
PBX3	1	1	2	mixed
PBX4	2	1	3	activator
PCBD1	1	1	1	mixed
PCGF2	1	3	3	repressor
PDX1	81	11	86	activator
PEG3	8	0	8	activator
PER2	0	3	3	repressor
PGR	113	43	132	activator
PHB1	1	1	2	mixed
PHF1	0	2	2	repressor
PHF20	12	0	11	activator
PHF5A	6	0	6	activator
PHF8	2	0	2	activator
PHOX2A	14	0	13	activator
PHOX2B	13	4	16	activator
PIAS1	4	4	6	mixed
PIAS2	1	4	4	repressor
PIAS3	3	2	4	activator
PIAS4	1	1	2	mixed
PIN1	5	1	6	activator
PIR	1	0	1	activator
PITX1	27	13	39	activator
PITX2	136	7	141	activator
PITX3	21	3	23	activator
PKNOX1	19	4	20	activator
PLAG1	7	0	7	activator
PLAGL1	18	2	19	activator
PLAGL2	8	0	8	activator
PLSCR1	1	0	1	activator
PML	12	8	18	activator
POU1F1	57	3	56	activator
POU2AF1	5	0	5	activator
POU2F1	107	30	124	activator
POU2F2	48	4	50	activator
POU2F3	8	2	10	activator
POU3F1	18	9	24	activator
POU3F2	27	4	29	activator
POU3F3	4	1	4	activator
POU3F4	3	1	4	activator
POU4F1	29	8	31	activator
POU4F2	30	7	34	activator
POU4F3	6	0	6	activator
POU5F1	67	38	93	activator
POU6F1	2	0	2	activator
POU6F2	5	0	4	activator
PPARA	217	94	268	activator
PPARD	77	35	100	activator
PPARG	258	162	367	activator
PPARGC1A	30	5	33	activator
PPARGC1B	5	0	5	activator
PPP1R13L	0	1	1	repressor
PRDM1	39	39	66	mixed
PRDM10	4	0	3	activator
PRDM13	2	2	3	mixed
PRDM14	1	0	1	activator
PRDM16	5	0	5	activator
PRDM2	9	2	11	activator
PRDM4	9	1	9	activator
PRDM5	3	1	3	activator
PRDM8	0	1	1	repressor
PREB	23	2	23	activator
PRMT5	1	1	1	mixed
PROP1	12	2	12	activator
PROX1	25	15	34	activator
PRRX1	6	1	7	activator
PRRX2	2	1	2	activator
PTF1A	17	3	17	activator
PURA	16	7	20	activator
PURB	2	3	4	repressor
RARA	174	43	186	activator
RARB	49	10	53	activator
RARG	37	8	40	activator
RAX	3	0	3	activator
RB1	22	24	33	repressor
RBAK	2	0	2	activator
RBBP8	1	1	1	mixed
RBCK1	2	0	2	activator
RBFOX2	0	1	1	repressor
RBPJ	114	50	155	activator
RBPJL	2	0	2	activator
RCOR1	2	2	3	mixed
RCOR2	15	4	16	activator
REL	857	65	816	activator
RELA	1266	192	962	activator
RELA_RELB	750	53	797	activator
RELB	808	60	814	activator
REL_RELA	750	53	797	activator
REL_RELB	750	53	797	activator
RERE	4	0	4	activator
REST	10	78	81	repressor
RFX1	20	8	24	activator
RFX2	5	0	5	activator
RFX3	5	1	6	activator
RFX4	5	0	5	activator
RFX5	24	1	25	activator
RFX6	1	0	1	activator
RFXANK	20	1	20	activator
RFXAP	18	0	18	activator
RHOXF1	1	0	1	activator
RLF	4	0	4	activator
RNF14	1	0	1	activator
RORA	79	18	88	activator
RORB	6	0	6	activator
RORC	18	5	22	activator
RREB1	7	6	10	activator
RUNX1	179	66	196	activator
RUNX1T1	1	1	1	mixed
RUNX2	110	28	128	activator
RUNX3	39	31	69	activator
RUVBL1	0	1	1	repressor
RXRA	100	23	111	activator
RXRB	12	4	15	activator
RXRG	7	0	7	activator
RYBP	1	1	1	mixed
SALL1	6	1	6	activator
SALL2	5	0	5	activator
SALL3	9	2	10	activator
SALL4	15	6	20	activator
SAP30	1	0	1	activator
SATB1	36	15	44	activator
SATB2	24	15	32	activator
SCRT1	1	0	1	activator
SCX	13	0	13	activator
SETBP1	4	3	6	activator
SF1	11	1	12	activator
SFPQ	21	11	29	activator
SHOX	3	1	3	activator
SHOX2	6	2	7	activator
SIM1	3	1	4	activator
SIM2	8	6	11	activator
SIN3A	3	9	12	repressor
SIN3B	3	0	3	activator
SIRT1	36	46	62	repressor
SIRT6	0	2	2	repressor
SIX1	17	1	18	activator
SIX2	1	0	1	activator
SIX3	7	6	11	activator
SIX4	7	1	8	activator
SIX5	1	0	1	activator
SKI	4	1	4	activator
SKIL	13	8	20	activator
SLC2A4RG	1	0	1	activator
SMAD1	72	7	74	activator
SMAD2	90	28	107	activator
SMAD3	161	57	189	activator
SMAD4	127	36	142	activator
SMAD5	32	6	35	activator
SMAD6	12	19	24	repressor
SMAD7	37	46	66	repressor
SMAD9	7	2	7	activator
SMARCA1	53	4	54	activator
SMARCA4	10	4	10	activator
SMARCA5	15	2	16	activator
SMARCB1	4	3	5	activator
SMARCC1	8	0	8	activator
SMARCC2	1	0	1	activator
SMARCD3	2	0	2	activator
SMARCE1	4	1	4	activator
SNAI1	81	44	98	activator
SNAI2	16	36	48	repressor
SND1	2	1	2	activator
SNW1	4	0	4	activator
SOHLH1	4	0	4	activator
SOHLH2	2	1	2	activator
SON	7	1	7	activator
SOX1	2	2	3	mixed
SOX10	35	7	37	activator
SOX11	11	1	12	activator
SOX14	1	0	1	activator
SOX15	2	0	2	activator
SOX17	33	14	45	activator
SOX18	6	0	6	activator
SOX2	74	27	89	activator
SOX21	2	1	2	activator
SOX3	3	4	7	repressor
SOX4	23	2	23	activator
SOX5	15	4	18	activator
SOX6	13	11	24	activator
SOX7	6	0	6	activator
SOX8	3	1	4	activator
SOX9	89	32	104	activator
SP1	1296	106	1333	activator
SP100	0	3	3	repressor
SP140	1	0	1	activator
SP2	20	5	23	activator
SP3	424	77	449	activator
SP4	49	5	48	activator
SP5	1	1	2	mixed
SP6	4	2	6	activator
SP7	44	6	45	activator
SP8	2	0	2	activator
SPDEF	15	6	19	activator
SPEN	2	0	2	activator
SPI1	331	49	343	activator
SPIB	14	3	17	activator
SPIC	10	0	10	activator
SPZ1	2	0	2	activator
SRCAP	2	0	2	activator
SREBF1	114	24	130	activator
SREBF2	60	11	70	activator
SRF	101	13	104	activator
SRSF2	11	2	11	activator
SRY	40	12	41	activator
SSRP1	148	0	147	activator
ST18	2	0	2	activator
STAT1	286	51	303	activator
STAT2	48	5	50	activator
STAT3	398	92	435	activator
STAT4	29	2	31	activator
STAT5A	208	31	214	activator
STAT5B	102	8	105	activator
STAT6	116	29	126	activator
STOX1	3	2	5	activator
SUPT20H	5	0	5	activator
SUPT3H	1	0	1	activator
TADA2A	8	0	8	activator
TAF1	38	8	42	activator
TAF12	1	0	1	activator
TAF4	1	1	2	mixed
TAF5	1	0	1	activator
TAL1	91	16	95	activator
TBL1X	1	1	1	mixed
TBL1XR1	1	0	1	activator
TBP	161	16	166	activator
TBPL1	39	3	40	activator
TBPL2	10	1	10	activator
TBR1	5	1	6	activator
TBX1	12	2	14	activator
TBX10	5	0	5	activator
TBX15	28	0	28	activator
TBX18	13	2	13	activator
TBX19	2	0	2	activator
TBX2	16	24	33	repressor
TBX20	5	3	7	activator
TBX21	49	15	53	activator
TBX22	0	3	3	repressor
TBX3	2	23	23	repressor
TBX4	4	0	4	activator
TBX5	24	5	25	activator
TBX6	10	1	10	activator
TBXT	15	0	15	activator
TCF12	50	6	51	activator
TCF15	7	0	7	activator
TCF20	4	0	4	activator
TCF21	14	10	16	activator
TCF23	0	2	2	repressor
TCF3	118	28	129	activator
TCF4	50	15	58	activator
TCF7	20	5	23	activator
TCF7L1	4	5	6	repressor
TCF7L2	102	22	117	activator
TCFL5	2	1	3	activator
TEAD1	20	6	25	activator
TEAD2	6	1	6	activator
TEAD4	12	1	12	activator
TEF	16	1	16	activator
TERF2	1	1	2	mixed
TET1	15	2	15	activator
TET2	1	0	1	activator
TFAM	15	1	15	activator
TFAP2A	292	57	314	activator
TFAP2B	23	10	26	activator
TFAP2C	32	4	34	activator
TFAP2D	9	0	9	activator
TFAP2E	3	1	3	activator
TFAP4	30	9	36	activator
TFCP2	74	2	74	activator
TFCP2L1	3	1	3	activator
TFDP1	31	2	31	activator
TFDP2	5	0	5	activator
TFDP3	1	5	6	repressor
TFE3	35	3	36	activator
TFEB	8	0	8	activator
TFEC	4	1	4	activator
TGFB1I1	12	4	12	activator
TGIF1	6	6	12	mixed
THAP1	2	2	3	mixed
THAP11	4	4	6	mixed
THAP12	1	0	1	activator
THAP7	3	0	2	activator
THAP9	3	0	3	activator
THRA	68	21	83	activator
THRB	49	10	57	activator
TLE1	1	0	1	activator
TLE3	0	1	1	repressor
TLE4	1	1	1	mixed
TLE5	3	1	4	activator
TLX1	6	3	9	activator
TLX2	5	0	5	activator
TLX3	6	0	6	activator
TOB1	0	1	1	repressor
TOX	4	0	4	activator
TOX2	3	0	3	activator
TOX3	5	1	6	activator
TP53	826	330	977	activator
TP53BP1	1	0	1	activator
TP63	197	34	204	activator
TP73	114	29	125	activator
TRERF1	10	10	16	mixed
TRIB3	1	1	2	mixed
TRIM14	1	0	1	activator
TRIM15	1	0	1	activator
TRIM21	1	0	1	activator
TRIM22	3	0	3	activator
TRIM24	0	1	1	repressor
TRIM25	1	0	1	activator
TRIM27	1	0	1	activator
TRIM28	3	4	6	repressor
TRIM31	1	0	1	activator
TRIM5	1	0	1	activator
TRIM62	1	0	1	activator
TRIM8	1	0	1	activator
TRPS1	10	11	16	repressor
TRRAP	1	1	2	mixed
TSC22D1	7	0	7	activator
TSG101	0	3	3	repressor
TSHZ1	1	1	2	mixed
TSHZ3	5	3	6	activator
TTF1	58	8	60	activator
TWIST1	52	34	78	activator
TWIST2	19	18	34	activator
UBP1	3	0	3	activator
UBTF	9	0	9	activator
UNCX	3	0	3	activator
URI1	0	1	1	repressor
USF1	217	24	226	activator
USF2	108	15	114	activator
UTF1	4	0	4	activator
VAX1	0	1	1	repressor
VAX2	3	1	4	activator
VDR	130	55	150	activator
VENTX	6	0	5	activator
VEZF1	7	2	8	activator
VHL	15	15	24	mixed
VSX1	4	0	4	activator
VSX2	29	2	30	activator
WNT3A	3	1	3	activator
WT1	126	54	156	activator
WWTR1	8	4	9	activator
XBP1	56	11	56	activator
XPC	2	3	4	repressor
YAP1	9	3	9	activator
YBX1	72	39	91	activator
YBX2	1	1	1	mixed
YBX3	21	7	26	activator
YY1	193	112	264	activator
YY2	3	0	3	activator
ZBED1	20	1	21	activator
ZBED6	3	1	3	activator
ZBTB10	2	1	2	activator
ZBTB12	2	0	2	activator
ZBTB14	4	4	6	mixed
ZBTB16	44	19	50	activator
ZBTB17	40	10	43	activator
ZBTB18	1	8	9	repressor
ZBTB2	1	3	4	repressor
ZBTB20	0	3	3	repressor
ZBTB22	1	0	1	activator
ZBTB32	4	2	5	activator
ZBTB33	10	4	11	activator
ZBTB38	6	1	5	activator
ZBTB4	13	1	14	activator
ZBTB44	2	0	1	activator
ZBTB48	2	0	1	activator
ZBTB5	0	1	1	repressor
ZBTB7A	23	21	36	activator
ZBTB7B	13	6	15	activator
ZBTB7C	1	1	2	mixed
ZBTB8A	0	1	1	repressor
ZBTB8B	0	1	1	repressor
ZC3H8	0	1	1	repressor
ZEB1	24	46	63	repressor
ZEB2	17	16	29	activator
ZFAT	2	0	2	activator
ZFHX2	2	1	2	activator
ZFHX3	8	8	15	mixed
ZFHX4	1	0	1	activator
ZFP1	1	0	1	activator
ZFP42	17	3	18	activator
ZFP57	2	0	2	activator
ZFP64	4	2	5	activator
ZFP90	2	0	2	activator
ZFPM1	14	6	16	activator
ZFPM2	11	4	12	activator
ZFX	4	1	5	activator
ZGLP1	26	1	26	activator
ZGPAT	11	1	12	activator
ZHX2	1	10	10	repressor
ZHX3	1	1	2	mixed
ZIC1	16	2	17	activator
ZIC2	6	2	7	activator
ZIC3	4	1	4	activator
ZKSCAN3	3	0	3	activator
ZKSCAN4	0	2	2	repressor
ZKSCAN7	14	2	14	activator
ZMIZ1	2	0	2	activator
ZMYND11	1	0	1	activator
ZMYND8	2	6	8	repressor
ZNF134	2	0	1	activator
ZNF135	3	0	2	activator
ZNF14	1	0	1	activator
ZNF140	0	1	1	repressor
ZNF143	28	3	30	activator
ZNF148	25	14	30	activator
ZNF16	3	1	2	activator
ZNF160	6	1	7	activator
ZNF165	0	3	3	repressor
ZNF174	1	2	2	repressor
ZNF175	1	0	1	activator
ZNF184	2	0	1	activator
ZNF189	2	0	1	activator
ZNF195	1	0	1	activator
ZNF2	1	0	1	activator
ZNF20	3	0	3	activator
ZNF202	0	7	7	repressor
ZNF205	0	2	2	repressor
ZNF217	6	3	6	activator
ZNF219	5	2	5	activator
ZNF224	2	1	3	activator
ZNF236	14	0	14	activator
ZNF239	1	1	2	mixed
ZNF24	3	2	5	activator
ZNF250	3	0	3	activator
ZNF256	2	0	2	activator
ZNF260	3	0	3	activator
ZNF263	9	1	10	activator
ZNF266	1	0	1	activator
ZNF267	0	1	1	repressor
ZNF268	1	0	1	activator
ZNF274	5	1	4	activator
ZNF277	3	2	2	activator
ZNF281	3	3	3	mixed
ZNF287	2	0	2	activator
ZNF292	1	0	1	activator
ZNF296	2	1	2	activator
ZNF300	6	2	8	activator
ZNF304	0	3	2	repressor
ZNF316	4	0	4	activator
ZNF32	2	2	4	mixed
ZNF322	2	0	2	activator
ZNF331	7	12	17	repressor
ZNF335	8	0	8	activator
ZNF350	7	7	9	mixed
ZNF354C	28	1	28	activator
ZNF362	22	0	22	activator
ZNF382	0	11	11	repressor
ZNF383	0	1	1	repressor
ZNF384	24	3	25	activator
ZNF395	7	1	7	activator
ZNF398	3	0	2	activator
ZNF410	4	2	6	activator
ZNF417	2	0	1	activator
ZNF419	2	0	1	activator
ZNF423	5	0	5	activator
ZNF431	1	1	1	mixed
ZNF436	7	0	7	activator
ZNF444	1	0	1	activator
ZNF451	0	3	3	repressor
ZNF461	0	3	3	repressor
ZNF492	1	0	1	activator
ZNF503	0	2	2	repressor
ZNF513	1	0	1	activator
ZNF521	1	3	3	repressor
ZNF569	1	0	1	activator
ZNF571	2	0	2	activator
ZNF652	1	1	1	mixed
ZNF653	2	0	1	activator
ZNF667	1	1	1	mixed
ZNF671	2	2	1	mixed
ZNF692	0	1	1	repressor
ZNF699	55	0	55	activator
ZNF711	1	1	1	mixed
ZNF746	3	1	3	activator
ZNF750	0	1	1	repressor
ZNF76	5	2	7	activator
ZNF77	2	0	2	activator
ZNF79	1	0	1	activator
ZNF8	0	2	2	repressor
ZNF804A	8	3	10	activator
ZNF85	1	0	1	activator
ZNF91	48	3	49	activator
ZSCAN10	2	0	2	activator
ZSCAN18	2	0	1	activator
ZSCAN21	1	0	1	activator
ZSCAN26	0	1	1	repressor
ZSCAN9	2	0	1	activator
ZXDA	3	0	2	activator
ZXDC	7	1	6	activator
