network_a	network_b	jaccard_feedback	jaccard_ffl_top_decile	n_feedback_a	n_feedback_b	n_ffl_top_a	n_ffl_top_b
healthy_pooled	tumour_breast_invasive_carcinoma	0.012987012987012988	0.0005794302269435056	77	79	6307	4054
healthy_pooled	tumour_uterine_corpus_endometrioid_carcinoma	0.0	0.0	77	41	6307	1505
healthy_pooled	tumour_head_neck_squamous_cell_carcinoma	0.008333333333333333	0.0001201634222542658	77	44	6307	2016
healthy_pooled	tumour_brain_lower_grade_glioma	0.007407407407407408	0.0001194885888397658	77	59	6307	2063
healthy_pooled	tumour_lung_adenocarcinoma	0.013605442176870748	0.0003593675131768088	77	72	6307	2044
healthy_pooled	tumour_thyroid_carcinoma	0.006289308176100629	0.0	77	83	6307	3205
healthy_pooled	tumour_kidney_clear_cell_carcinoma	0.0	0.0	77	43	6307	2058
healthy_pooled	tumour_prostate_adenocarcinoma	0.0	0.0	77	42	6307	1433
healthy_pooled	tumour_ovarian_serous_cystadenocarcinoma	0.007633587786259542	0.00013114754098360657	77	55	6307	1319
healthy_pooled	tumour_lung_squamous_cell_carcinoma	0.00819672131147541	0.00012623074981065388	77	46	6307	1616
healthy_pooled	tumour_stomach_adenocarcinoma	0.016666666666666666	0.00039318479685452164	77	45	6307	1326
healthy_pooled	tumour_colon_adenocarcinoma	0.0	0.00026465528648934763	77	49	6307	1252
healthy_pooled	tumour_bladder_urothelial_carcinoma	0.007692307692307693	0.0002568383202773854	77	54	6307	1482
healthy_pooled	tumour_liver_hepatocellular_carcinoma	0.008333333333333333	0.0004847309743092584	77	44	6307	1949
healthy_pooled	tumour_cervical_endocervical_cancer	0.007633587786259542	0.00073117231294175	77	55	6307	1905
healthy_pooled	tumour_kidney_papillary_cell_carcinoma	0.0	0.0001232134056185313	77	57	6307	1810
healthy_pooled	tumour_sarcoma	0.007874015748031496	0.00012256403971074888	77	51	6307	1853
healthy_pooled	tumour_esophageal_carcinoma	0.024	0.000815078960774325	77	51	6307	3516
healthy_pooled	tumour_pheochromocytoma_paraganglioma	0.0	0.0	77	71	6307	1781
healthy_pooled	tumour_pancreatic_adenocarcinoma	0.008547008547008548	0.0002522386177323748	77	41	6307	1624
healthy_pooled	tumour_rectum_adenocarcinoma	0.008333333333333333	0.0	77	44	6307	1554
healthy_pooled	tumour_testicular_germ_cell_tumor	0.005917159763313609	0.0	77	93	6307	3850
tumour_breast_invasive_carcinoma	tumour_uterine_corpus_endometrioid_carcinoma	0.008403361344537815	0.0027056277056277055	79	41	4054	1505
tumour_breast_invasive_carcinoma	tumour_head_neck_squamous_cell_carcinoma	0.01652892561983471	0.006132935521299519	79	44	4054	2016
tumour_breast_invasive_carcinoma	tumour_brain_lower_grade_glioma	0.0	0.0009818360333824251	79	59	4054	2063
tumour_breast_invasive_carcinoma	tumour_lung_adenocarcinoma	0.02027027027027027	0.002795592830126624	79	72	4054	2044
tumour_breast_invasive_carcinoma	tumour_thyroid_carcinoma	0.0	0.003733407079646018	79	83	4054	3205
tumour_breast_invasive_carcinoma	tumour_kidney_clear_cell_carcinoma	0.008264462809917356	0.0011466011466011465	79	43	4054	2058
tumour_breast_invasive_carcinoma	tumour_prostate_adenocarcinoma	0.008333333333333333	0.0010946907498631637	79	42	4054	1433
tumour_breast_invasive_carcinoma	tumour_ovarian_serous_cystadenocarcinoma	0.0	0.00018615040953090097	79	55	4054	1319
tumour_breast_invasive_carcinoma	tumour_lung_squamous_cell_carcinoma	0.016260162601626018	0.0017667844522968198	79	46	4054	1616
tumour_breast_invasive_carcinoma	tumour_stomach_adenocarcinoma	0.01639344262295082	0.000744047619047619	79	45	4054	1326
tumour_breast_invasive_carcinoma	tumour_colon_adenocarcinoma	0.0	0.00018850141376060322	79	49	4054	1252
tumour_breast_invasive_carcinoma	tumour_bladder_urothelial_carcinoma	0.023076923076923078	0.0027168991124796233	79	54	4054	1482
tumour_breast_invasive_carcinoma	tumour_liver_hepatocellular_carcinoma	0.00819672131147541	0.0006667777962993832	79	44	4054	1949
tumour_breast_invasive_carcinoma	tumour_cervical_endocervical_cancer	0.015151515151515152	0.0013443118803562427	79	55	4054	1905
tumour_breast_invasive_carcinoma	tumour_kidney_papillary_cell_carcinoma	0.0	0.001195151101246372	79	57	4054	1810
tumour_breast_invasive_carcinoma	tumour_sarcoma	0.007751937984496124	0.00016931933626820184	79	51	4054	1853
tumour_breast_invasive_carcinoma	tumour_esophageal_carcinoma	0.007751937984496124	0.0	79	51	4054	3516
tumour_breast_invasive_carcinoma	tumour_pheochromocytoma_paraganglioma	0.0	0.0	79	71	4054	1781
tumour_breast_invasive_carcinoma	tumour_pancreatic_adenocarcinoma	0.008403361344537815	0.00035236081747709656	79	41	4054	1624
tumour_breast_invasive_carcinoma	tumour_rectum_adenocarcinoma	0.00819672131147541	0.00017834849295523454	79	44	4054	1554
tumour_breast_invasive_carcinoma	tumour_testicular_germ_cell_tumor	0.0	0.0	79	93	4054	3850
tumour_uterine_corpus_endometrioid_carcinoma	tumour_head_neck_squamous_cell_carcinoma	0.0	0.0002840909090909091	41	44	1505	2016
tumour_uterine_corpus_endometrioid_carcinoma	tumour_brain_lower_grade_glioma	0.010101010101010102	0.0005608524957936063	41	59	1505	2063
tumour_uterine_corpus_endometrioid_carcinoma	tumour_lung_adenocarcinoma	0.008928571428571428	0.01082312731415551	41	72	1505	2044
tumour_uterine_corpus_endometrioid_carcinoma	tumour_thyroid_carcinoma	0.0	0.00021235931195582927	41	83	1505	3205
tumour_uterine_corpus_endometrioid_carcinoma	tumour_kidney_clear_cell_carcinoma	0.037037037037037035	0.00112391121101433	41	43	1505	2058
tumour_uterine_corpus_endometrioid_carcinoma	tumour_prostate_adenocarcinoma	0.0	0.0	41	42	1505	1433
tumour_uterine_corpus_endometrioid_carcinoma	tumour_ovarian_serous_cystadenocarcinoma	0.0	0.00035423308537017357	41	55	1505	1319
tumour_uterine_corpus_endometrioid_carcinoma	tumour_lung_squamous_cell_carcinoma	0.023529411764705882	0.00224791265253693	41	46	1505	1616
tumour_uterine_corpus_endometrioid_carcinoma	tumour_stomach_adenocarcinoma	0.0	0.0007069635913750442	41	45	1505	1326
tumour_uterine_corpus_endometrioid_carcinoma	tumour_colon_adenocarcinoma	0.0	0.000362844702467344	41	49	1505	1252
tumour_uterine_corpus_endometrioid_carcinoma	tumour_bladder_urothelial_carcinoma	0.021505376344086023	0.0030221625251846875	41	54	1505	1482
tumour_uterine_corpus_endometrioid_carcinoma	tumour_liver_hepatocellular_carcinoma	0.0	0.0014496955639315744	41	44	1505	1949
tumour_uterine_corpus_endometrioid_carcinoma	tumour_cervical_endocervical_cancer	0.0	0.0011743981209630064	41	55	1505	1905
tumour_uterine_corpus_endometrioid_carcinoma	tumour_kidney_papillary_cell_carcinoma	0.031578947368421054	0.0030257186081694403	41	57	1505	1810
tumour_uterine_corpus_endometrioid_carcinoma	tumour_sarcoma	0.0	0.0002978850163836759	41	51	1505	1853
tumour_uterine_corpus_endometrioid_carcinoma	tumour_esophageal_carcinoma	0.0	0.0	41	51	1505	3516
tumour_uterine_corpus_endometrioid_carcinoma	tumour_pheochromocytoma_paraganglioma	0.0	0.0	41	71	1505	1781
tumour_uterine_corpus_endometrioid_carcinoma	tumour_pancreatic_adenocarcinoma	0.0	0.0	41	41	1505	1624
tumour_uterine_corpus_endometrioid_carcinoma	tumour_rectum_adenocarcinoma	0.0	0.0	41	44	1505	1554
tumour_uterine_corpus_endometrioid_carcinoma	tumour_testicular_germ_cell_tumor	0.007518796992481203	0.00037362226788716606	41	93	1505	3850
tumour_head_neck_squamous_cell_carcinoma	tumour_brain_lower_grade_glioma	0.0	0.0007360157016683023	44	59	2016	2063
tumour_head_neck_squamous_cell_carcinoma	tumour_lung_adenocarcinoma	0.017543859649122806	0.0007394626571358146	44	72	2016	2044
tumour_head_neck_squamous_cell_carcinoma	tumour_thyroid_carcinoma	0.0	0.00019157088122605365	44	83	2016	3205
tumour_head_neck_squamous_cell_carcinoma	tumour_kidney_clear_cell_carcinoma	0.0	0.0004911591355599214	44	43	2016	2058
tumour_head_neck_squamous_cell_carcinoma	tumour_prostate_adenocarcinoma	0.0	0.0002900232018561485	44	42	2016	1433
tumour_head_neck_squamous_cell_carcinoma	tumour_ovarian_serous_cystadenocarcinoma	0.0	0.00029994001199760045	44	55	2016	1319
tumour_head_neck_squamous_cell_carcinoma	tumour_lung_squamous_cell_carcinoma	0.011235955056179775	0.0030378348522507597	44	46	2016	1616
tumour_head_neck_squamous_cell_carcinoma	tumour_stomach_adenocarcinoma	0.011363636363636364	0.0014983518130056938	44	45	2016	1326
tumour_head_neck_squamous_cell_carcinoma	tumour_colon_adenocarcinoma	0.0	0.00030609121518212427	44	49	2016	1252
tumour_head_neck_squamous_cell_carcinoma	tumour_bladder_urothelial_carcinoma	0.020833333333333332	0.0011448196908986834	44	54	2016	1482
tumour_head_neck_squamous_cell_carcinoma	tumour_liver_hepatocellular_carcinoma	0.011494252873563218	0.0015155342258145997	44	44	2016	1949
tumour_head_neck_squamous_cell_carcinoma	tumour_cervical_endocervical_cancer	0.01020408163265306	0.0017884517118037812	44	55	2016	1905
tumour_head_neck_squamous_cell_carcinoma	tumour_kidney_papillary_cell_carcinoma	0.0	0.0010465724751439038	44	57	2016	1810
tumour_head_neck_squamous_cell_carcinoma	tumour_sarcoma	0.010638297872340425	0.0018125323666494044	44	51	2016	1853
tumour_head_neck_squamous_cell_carcinoma	tumour_esophageal_carcinoma	0.0	0.0	44	51	2016	3516
tumour_head_neck_squamous_cell_carcinoma	tumour_pheochromocytoma_paraganglioma	0.0	0.00026343519494204424	44	71	2016	1781
tumour_head_neck_squamous_cell_carcinoma	tumour_pancreatic_adenocarcinoma	0.024096385542168676	0.0011001100110011	44	41	2016	1624
tumour_head_neck_squamous_cell_carcinoma	tumour_rectum_adenocarcinoma	0.0	0.0	44	44	2016	1554
tumour_head_neck_squamous_cell_carcinoma	tumour_testicular_germ_cell_tumor	0.0	0.0	44	93	2016	3850
tumour_brain_lower_grade_glioma	tumour_lung_adenocarcinoma	0.0234375	0.0017073170731707317	59	72	2063	2044
tumour_brain_lower_grade_glioma	tumour_thyroid_carcinoma	0.0	0.0	59	83	2063	3205
tumour_brain_lower_grade_glioma	tumour_kidney_clear_cell_carcinoma	0.0	0.00048555474629764507	59	43	2063	2058
tumour_brain_lower_grade_glioma	tumour_prostate_adenocarcinoma	0.0	0.0	59	42	2063	1433
tumour_brain_lower_grade_glioma	tumour_ovarian_serous_cystadenocarcinoma	0.0	0.0	59	55	2063	1319
tumour_brain_lower_grade_glioma	tumour_lung_squamous_cell_carcinoma	0.0	0.0005439216752787598	59	46	2063	1616
tumour_brain_lower_grade_glioma	tumour_stomach_adenocarcinoma	0.0	0.0	59	45	2063	1326
tumour_brain_lower_grade_glioma	tumour_colon_adenocarcinoma	0.009345794392523364	0.00030175015087507544	59	49	2063	1252
tumour_brain_lower_grade_glioma	tumour_bladder_urothelial_carcinoma	0.0	0.0	59	54	2063	1482
tumour_brain_lower_grade_glioma	tumour_liver_hepatocellular_carcinoma	0.0	0.0	59	44	2063	1949
tumour_brain_lower_grade_glioma	tumour_cervical_endocervical_cancer	0.0	0.0	59	55	2063	1905
tumour_brain_lower_grade_glioma	tumour_kidney_papillary_cell_carcinoma	0.0	0.00025826446280991736	59	57	2063	1810
tumour_brain_lower_grade_glioma	tumour_sarcoma	0.0	0.0002554278416347382	59	51	2063	1853
tumour_brain_lower_grade_glioma	tumour_esophageal_carcinoma	0.0	0.0	59	51	2063	3516
tumour_brain_lower_grade_glioma	tumour_pheochromocytoma_paraganglioma	0.0	0.0	59	71	2063	1781
tumour_brain_lower_grade_glioma	tumour_pancreatic_adenocarcinoma	0.0	0.00027129679869777537	59	41	2063	1624
tumour_brain_lower_grade_glioma	tumour_rectum_adenocarcinoma	0.0	0.0	59	44	2063	1554
tumour_brain_lower_grade_glioma	tumour_testicular_germ_cell_tumor	0.006622516556291391	0.00016914749661705008	59	93	2063	3850
tumour_lung_adenocarcinoma	tumour_thyroid_carcinoma	0.0	0.00019054878048780488	72	83	2044	3205
tumour_lung_adenocarcinoma	tumour_kidney_clear_cell_carcinoma	0.017699115044247787	0.011590628853267572	72	43	2044	2058
tumour_lung_adenocarcinoma	tumour_prostate_adenocarcinoma	0.008849557522123894	0.0023061400980109543	72	42	2044	1433
tumour_lung_adenocarcinoma	tumour_ovarian_serous_cystadenocarcinoma	0.007936507936507936	0.0011908306043465317	72	55	2044	1319
tumour_lung_adenocarcinoma	tumour_lung_squamous_cell_carcinoma	0.02608695652173913	0.006323893318669233	72	46	2044	1616
tumour_lung_adenocarcinoma	tumour_stomach_adenocarcinoma	0.008620689655172414	0.0053699284009546535	72	45	2044	1326
tumour_lung_adenocarcinoma	tumour_colon_adenocarcinoma	0.0	0.002128306476132563	72	49	2044	1252
tumour_lung_adenocarcinoma	tumour_bladder_urothelial_carcinoma	0.024390243902439025	0.019664545980335454	72	54	2044	1482
tumour_lung_adenocarcinoma	tumour_liver_hepatocellular_carcinoma	0.008695652173913044	0.0005011275369581559	72	44	2044	1949
tumour_lung_adenocarcinoma	tumour_cervical_endocervical_cancer	0.016	0.0010139416983523447	72	55	2044	1905
tumour_lung_adenocarcinoma	tumour_kidney_papillary_cell_carcinoma	0.0078125	0.0012990387113535984	72	57	2044	1810
tumour_lung_adenocarcinoma	tumour_sarcoma	0.00819672131147541	0.0007704160246533128	72	51	2044	1853
tumour_lung_adenocarcinoma	tumour_esophageal_carcinoma	0.025	0.003791298068243365	72	51	2044	3516
tumour_lung_adenocarcinoma	tumour_pheochromocytoma_paraganglioma	0.0	0.000523149359142035	72	71	2044	1781
tumour_lung_adenocarcinoma	tumour_pancreatic_adenocarcinoma	0.018018018018018018	0.001365001365001365	72	41	2044	1624
tumour_lung_adenocarcinoma	tumour_rectum_adenocarcinoma	0.008695652173913044	0.00027800945232137893	72	44	2044	1554
tumour_lung_adenocarcinoma	tumour_testicular_germ_cell_tumor	0.012269938650306749	0.00033944331296673454	72	93	2044	3850
tumour_thyroid_carcinoma	tumour_kidney_clear_cell_carcinoma	0.016129032258064516	0.0005703422053231939	83	43	3205	2058
tumour_thyroid_carcinoma	tumour_prostate_adenocarcinoma	0.0	0.00021565667457407807	83	42	3205	1433
tumour_thyroid_carcinoma	tumour_ovarian_serous_cystadenocarcinoma	0.0	0.0	83	55	3205	1319
tumour_thyroid_carcinoma	tumour_lung_squamous_cell_carcinoma	0.0	0.0	83	46	3205	1616
tumour_thyroid_carcinoma	tumour_stomach_adenocarcinoma	0.007874015748031496	0.0	83	45	3205	1326
tumour_thyroid_carcinoma	tumour_colon_adenocarcinoma	0.007633587786259542	0.0	83	49	3205	1252
tumour_thyroid_carcinoma	tumour_bladder_urothelial_carcinoma	0.007352941176470588	0.0006404782237403928	83	54	3205	1482
tumour_thyroid_carcinoma	tumour_liver_hepatocellular_carcinoma	0.0	0.00038819875776397513	83	44	3205	1949
tumour_thyroid_carcinoma	tumour_cervical_endocervical_cancer	0.0	0.0	83	55	3205	1905
tumour_thyroid_carcinoma	tumour_kidney_papillary_cell_carcinoma	0.007194244604316547	0.001998001998001998	83	57	3205	1810
tumour_thyroid_carcinoma	tumour_sarcoma	0.0	0.00019774569903104609	83	51	3205	1853
tumour_thyroid_carcinoma	tumour_esophageal_carcinoma	0.0	0.0	83	51	3205	3516
tumour_thyroid_carcinoma	tumour_pheochromocytoma_paraganglioma	0.006535947712418301	0.00020060180541624874	83	71	3205	1781
tumour_thyroid_carcinoma	tumour_pancreatic_adenocarcinoma	0.0	0.0004143360265175057	83	41	3205	1624
tumour_thyroid_carcinoma	tumour_rectum_adenocarcinoma	0.0	0.0	83	44	3205	1554
tumour_thyroid_carcinoma	tumour_testicular_germ_cell_tumor	0.0	0.0001417635384179189	83	93	3205	3850
tumour_kidney_clear_cell_carcinoma	tumour_prostate_adenocarcinoma	0.011904761904761904	0.0011471178663607685	43	42	2058	1433
tumour_kidney_clear_cell_carcinoma	tumour_ovarian_serous_cystadenocarcinoma	0.0	0.0	43	55	2058	1319
tumour_kidney_clear_cell_carcinoma	tumour_lung_squamous_cell_carcinoma	0.0	0.0010899182561307902	43	46	2058	1616
tumour_kidney_clear_cell_carcinoma	tumour_stomach_adenocarcinoma	0.0	0.0	43	45	2058	1326
tumour_kidney_clear_cell_carcinoma	tumour_colon_adenocarcinoma	0.0	0.0012099213551119178	43	49	2058	1252
tumour_kidney_clear_cell_carcinoma	tumour_bladder_urothelial_carcinoma	0.010416666666666666	0.0011312217194570137	43	54	2058	1482
tumour_kidney_clear_cell_carcinoma	tumour_liver_hepatocellular_carcinoma	0.011627906976744186	0.0	43	44	2058	1949
tumour_kidney_clear_cell_carcinoma	tumour_cervical_endocervical_cancer	0.0	0.0002523977788995457	43	55	2058	1905
tumour_kidney_clear_cell_carcinoma	tumour_kidney_papillary_cell_carcinoma	0.05263157894736842	0.00233221041720653	43	57	2058	1810
tumour_kidney_clear_cell_carcinoma	tumour_sarcoma	0.0	0.0002557544757033248	43	51	2058	1853
tumour_kidney_clear_cell_carcinoma	tumour_esophageal_carcinoma	0.010752688172043012	0.002337709045135767	43	51	2058	3516
tumour_kidney_clear_cell_carcinoma	tumour_pheochromocytoma_paraganglioma	0.0	0.0	43	71	2058	1781
tumour_kidney_clear_cell_carcinoma	tumour_pancreatic_adenocarcinoma	0.0	0.0005434782608695652	43	41	2058	1624
tumour_kidney_clear_cell_carcinoma	tumour_rectum_adenocarcinoma	0.0	0.0	43	44	2058	1554
tumour_kidney_clear_cell_carcinoma	tumour_testicular_germ_cell_tumor	0.0	0.0	43	93	2058	3850
tumour_prostate_adenocarcinoma	tumour_ovarian_serous_cystadenocarcinoma	0.0	0.0	42	55	1433	1319
tumour_prostate_adenocarcinoma	tumour_lung_squamous_cell_carcinoma	0.0	0.0	42	46	1433	1616
tumour_prostate_adenocarcinoma	tumour_stomach_adenocarcinoma	0.011627906976744186	0.002543604651162791	42	45	1433	1326
tumour_prostate_adenocarcinoma	tumour_colon_adenocarcinoma	0.02247191011235955	0.0022396416573348264	42	49	1433	1252
tumour_prostate_adenocarcinoma	tumour_bladder_urothelial_carcinoma	0.0	0.00034317089910775565	42	54	1433	1482
tumour_prostate_adenocarcinoma	tumour_liver_hepatocellular_carcinoma	0.0	0.0011841326228537595	42	44	1433	1949
tumour_prostate_adenocarcinoma	tumour_cervical_endocervical_cancer	0.0	0.0	42	55	1433	1905
tumour_prostate_adenocarcinoma	tumour_kidney_papillary_cell_carcinoma	0.01020408163265306	0.000617093489663684	42	57	1433	1810
tumour_prostate_adenocarcinoma	tumour_sarcoma	0.0	0.0009137983551629607	42	51	1433	1853
tumour_prostate_adenocarcinoma	tumour_esophageal_carcinoma	0.0	0.0	42	51	1433	3516
tumour_prostate_adenocarcinoma	tumour_pheochromocytoma_paraganglioma	0.0	0.0	42	71	1433	1781
tumour_prostate_adenocarcinoma	tumour_pancreatic_adenocarcinoma	0.0	0.0003272251308900524	42	41	1433	1624
tumour_prostate_adenocarcinoma	tumour_rectum_adenocarcinoma	0.0	0.0	42	44	1433	1554
tumour_prostate_adenocarcinoma	tumour_testicular_germ_cell_tumor	0.007462686567164179	0.0	42	93	1433	3850
tumour_ovarian_serous_cystadenocarcinoma	tumour_lung_squamous_cell_carcinoma	0.0	0.0023907103825136613	55	46	1319	1616
tumour_ovarian_serous_cystadenocarcinoma	tumour_stomach_adenocarcinoma	0.010101010101010102	0.001893939393939394	55	45	1319	1326
tumour_ovarian_serous_cystadenocarcinoma	tumour_colon_adenocarcinoma	0.009708737864077669	0.0011682242990654205	55	49	1319	1252
tumour_ovarian_serous_cystadenocarcinoma	tumour_bladder_urothelial_carcinoma	0.009259259259259259	0.0	55	54	1319	1482
tumour_ovarian_serous_cystadenocarcinoma	tumour_liver_hepatocellular_carcinoma	0.01020408163265306	0.00030609121518212427	55	44	1319	1949
tumour_ovarian_serous_cystadenocarcinoma	tumour_cervical_endocervical_cancer	0.0	0.00031026993484331366	55	55	1319	1905
tumour_ovarian_serous_cystadenocarcinoma	tumour_kidney_papillary_cell_carcinoma	0.0	0.00031969309462915604	55	57	1319	1810
tumour_ovarian_serous_cystadenocarcinoma	tumour_sarcoma	0.0	0.0	55	51	1319	1853
tumour_ovarian_serous_cystadenocarcinoma	tumour_esophageal_carcinoma	0.009523809523809525	0.0	55	51	1319	3516
tumour_ovarian_serous_cystadenocarcinoma	tumour_pheochromocytoma_paraganglioma	0.008	0.0	55	71	1319	1781
tumour_ovarian_serous_cystadenocarcinoma	tumour_pancreatic_adenocarcinoma	0.0	0.0	55	41	1319	1624
tumour_ovarian_serous_cystadenocarcinoma	tumour_rectum_adenocarcinoma	0.01020408163265306	0.0	55	44	1319	1554
tumour_ovarian_serous_cystadenocarcinoma	tumour_testicular_germ_cell_tumor	0.0	0.0	55	93	1319	3850
tumour_lung_squamous_cell_carcinoma	tumour_stomach_adenocarcinoma	0.011111111111111112	0.0013614703880190605	46	45	1616	1326
tumour_lung_squamous_cell_carcinoma	tumour_colon_adenocarcinoma	0.0	0.0006978367062107466	46	49	1616	1252
tumour_lung_squamous_cell_carcinoma	tumour_bladder_urothelial_carcinoma	0.010101010101010102	0.0025889967637540453	46	54	1616	1482
tumour_lung_squamous_cell_carcinoma	tumour_liver_hepatocellular_carcinoma	0.011235955056179775	0.000561324726354196	46	44	1616	1949
tumour_lung_squamous_cell_carcinoma	tumour_cervical_endocervical_cancer	0.01	0.005425471159337522	46	55	1616	1905
tumour_lung_squamous_cell_carcinoma	tumour_kidney_papillary_cell_carcinoma	0.0	0.0	46	57	1616	1810
tumour_lung_squamous_cell_carcinoma	tumour_sarcoma	0.010416666666666666	0.0002883506343713956	46	51	1616	1853
tumour_lung_squamous_cell_carcinoma	tumour_esophageal_carcinoma	0.0	0.001952362358453729	46	51	1616	3516
tumour_lung_squamous_cell_carcinoma	tumour_pheochromocytoma_paraganglioma	0.0	0.0002944640753828033	46	71	1616	1781
tumour_lung_squamous_cell_carcinoma	tumour_pancreatic_adenocarcinoma	0.023529411764705882	0.00030873726458783575	46	41	1616	1624
tumour_lung_squamous_cell_carcinoma	tumour_rectum_adenocarcinoma	0.011235955056179775	0.0006313131313131314	46	44	1616	1554
tumour_lung_squamous_cell_carcinoma	tumour_testicular_germ_cell_tumor	0.0	0.00018298261665141812	46	93	1616	3850
tumour_stomach_adenocarcinoma	tumour_colon_adenocarcinoma	0.0	0.00038804811796662784	45	49	1326	1252
tumour_stomach_adenocarcinoma	tumour_bladder_urothelial_carcinoma	0.01020408163265306	0.0003562522265764161	45	54	1326	1482
tumour_stomach_adenocarcinoma	tumour_liver_hepatocellular_carcinoma	0.011363636363636364	0.0009168704156479218	45	44	1326	1949
tumour_stomach_adenocarcinoma	tumour_cervical_endocervical_cancer	0.010101010101010102	0.0012395413696932136	45	55	1326	1905
tumour_stomach_adenocarcinoma	tumour_kidney_papillary_cell_carcinoma	0.0	0.0	45	57	1326	1810
tumour_stomach_adenocarcinoma	tumour_sarcoma	0.010526315789473684	0.0009445843828715365	45	51	1326	1853
tumour_stomach_adenocarcinoma	tumour_esophageal_carcinoma	0.0	0.00041322314049586776	45	51	1326	3516
tumour_stomach_adenocarcinoma	tumour_pheochromocytoma_paraganglioma	0.0	0.0	45	71	1326	1781
tumour_stomach_adenocarcinoma	tumour_pancreatic_adenocarcinoma	0.011764705882352941	0.0010179843909060061	45	41	1326	1624
tumour_stomach_adenocarcinoma	tumour_rectum_adenocarcinoma	0.0	0.0003473428273706148	45	44	1326	1554
tumour_stomach_adenocarcinoma	tumour_testicular_germ_cell_tumor	0.0	0.0	45	93	1326	3850
tumour_colon_adenocarcinoma	tumour_bladder_urothelial_carcinoma	0.00980392156862745	0.00036589828027808267	49	54	1252	1482
tumour_colon_adenocarcinoma	tumour_liver_hepatocellular_carcinoma	0.0	0.0003125	49	44	1252	1949
tumour_colon_adenocarcinoma	tumour_cervical_endocervical_cancer	0.0	0.0003168567807351077	49	55	1252	1905
tumour_colon_adenocarcinoma	tumour_kidney_papillary_cell_carcinoma	0.009523809523809525	0.0	49	57	1252	1810
tumour_colon_adenocarcinoma	tumour_sarcoma	0.0	0.00032216494845360824	49	51	1252	1853
tumour_colon_adenocarcinoma	tumour_esophageal_carcinoma	0.0	0.0	49	51	1252	3516
tumour_colon_adenocarcinoma	tumour_pheochromocytoma_paraganglioma	0.0	0.0	49	71	1252	1781
tumour_colon_adenocarcinoma	tumour_pancreatic_adenocarcinoma	0.0	0.00034782608695652176	49	41	1252	1624
tumour_colon_adenocarcinoma	tumour_rectum_adenocarcinoma	0.0	0.0007132667617689016	49	44	1252	1554
tumour_colon_adenocarcinoma	tumour_testicular_germ_cell_tumor	0.0	0.0	49	93	1252	3850
tumour_bladder_urothelial_carcinoma	tumour_liver_hepatocellular_carcinoma	0.010309278350515464	0.002630040911747516	54	44	1482	1949
tumour_bladder_urothelial_carcinoma	tumour_cervical_endocervical_cancer	0.0380952380952381	0.006537890044576523	54	55	1482	1905
tumour_bladder_urothelial_carcinoma	tumour_kidney_papillary_cell_carcinoma	0.00909090909090909	0.004270896888346553	54	57	1482	1810
tumour_bladder_urothelial_carcinoma	tumour_sarcoma	0.009615384615384616	0.0018023430459597476	54	51	1482	1853
tumour_bladder_urothelial_carcinoma	tumour_esophageal_carcinoma	0.019417475728155338	0.0038160273147218315	54	51	1482	3516
tumour_bladder_urothelial_carcinoma	tumour_pheochromocytoma_paraganglioma	0.0	0.00030656039239730225	54	71	1482	1781
tumour_bladder_urothelial_carcinoma	tumour_pancreatic_adenocarcinoma	0.010638297872340425	0.00032206119162640903	54	41	1482	1624
tumour_bladder_urothelial_carcinoma	tumour_rectum_adenocarcinoma	0.0	0.00032948929159802305	54	44	1482	1554
tumour_bladder_urothelial_carcinoma	tumour_testicular_germ_cell_tumor	0.0	0.0	54	93	1482	3850
tumour_liver_hepatocellular_carcinoma	tumour_cervical_endocervical_cancer	0.01020408163265306	0.0007790184367696703	44	55	1949	1905
tumour_liver_hepatocellular_carcinoma	tumour_kidney_papillary_cell_carcinoma	0.0	0.0007987220447284345	44	57	1949	1810
tumour_liver_hepatocellular_carcinoma	tumour_sarcoma	0.010638297872340425	0.00026308866087871614	44	51	1949	1853
tumour_liver_hepatocellular_carcinoma	tumour_esophageal_carcinoma	0.0	0.0	44	51	1949	3516
tumour_liver_hepatocellular_carcinoma	tumour_pheochromocytoma_paraganglioma	0.0	0.0002681684097613301	44	71	1949	1781
tumour_liver_hepatocellular_carcinoma	tumour_pancreatic_adenocarcinoma	0.011904761904761904	0.0002799552071668533	44	41	1949	1624
tumour_liver_hepatocellular_carcinoma	tumour_rectum_adenocarcinoma	0.011494252873563218	0.0	44	44	1949	1554
tumour_liver_hepatocellular_carcinoma	tumour_testicular_germ_cell_tumor	0.007352941176470588	0.0	44	93	1949	3850
tumour_cervical_endocervical_cancer	tumour_kidney_papillary_cell_carcinoma	0.0	0.0	55	57	1905	1810
tumour_cervical_endocervical_cancer	tumour_sarcoma	0.009523809523809525	0.0010655301012253596	55	51	1905	1853
tumour_cervical_endocervical_cancer	tumour_esophageal_carcinoma	0.019230769230769232	0.008558139534883722	55	51	1905	3516
tumour_cervical_endocervical_cancer	tumour_pheochromocytoma_paraganglioma	0.0	0.000271370420624152	55	71	1905	1781
tumour_cervical_endocervical_cancer	tumour_pancreatic_adenocarcinoma	0.010526315789473684	0.0005670541536716756	55	41	1905	1624
tumour_cervical_endocervical_cancer	tumour_rectum_adenocarcinoma	0.0	0.0	55	44	1905	1554
tumour_cervical_endocervical_cancer	tumour_testicular_germ_cell_tumor	0.0	0.0001737921445950643	55	93	1905	3850
tumour_kidney_papillary_cell_carcinoma	tumour_sarcoma	0.0	0.0005462988254575252	57	51	1810	1853
tumour_kidney_papillary_cell_carcinoma	tumour_esophageal_carcinoma	0.0	0.0	57	51	1810	3516
tumour_kidney_papillary_cell_carcinoma	tumour_pheochromocytoma_paraganglioma	0.007874015748031496	0.0002785515320334262	57	71	1810	1781
tumour_kidney_papillary_cell_carcinoma	tumour_pancreatic_adenocarcinoma	0.0	0.0	57	41	1810	1624
tumour_kidney_papillary_cell_carcinoma	tumour_rectum_adenocarcinoma	0.01	0.0002973535533749628	57	44	1810	1554
tumour_kidney_papillary_cell_carcinoma	tumour_testicular_germ_cell_tumor	0.006711409395973154	0.0003534817956875221	57	93	1810	3850
tumour_sarcoma	tumour_esophageal_carcinoma	0.0	0.0	51	51	1853	3516
tumour_sarcoma	tumour_pheochromocytoma_paraganglioma	0.0	0.0	51	71	1853	1781
tumour_sarcoma	tumour_pancreatic_adenocarcinoma	0.01098901098901099	0.00028768699654775604	51	41	1853	1624
tumour_sarcoma	tumour_rectum_adenocarcinoma	0.0	0.0008813160987074031	51	44	1853	1554
tumour_sarcoma	tumour_testicular_germ_cell_tumor	0.0	0.00017537706068046299	51	93	1853	3850
tumour_esophageal_carcinoma	tumour_pheochromocytoma_paraganglioma	0.008264462809917356	0.00018882175226586103	51	71	3516	1781
tumour_esophageal_carcinoma	tumour_pancreatic_adenocarcinoma	0.0	0.0	51	41	3516	1624
tumour_esophageal_carcinoma	tumour_rectum_adenocarcinoma	0.010638297872340425	0.0	51	44	3516	1554
tumour_esophageal_carcinoma	tumour_testicular_germ_cell_tumor	0.02127659574468085	0.00013577732518669383	51	93	3516	3850
tumour_pheochromocytoma_paraganglioma	tumour_pancreatic_adenocarcinoma	0.0	0.0002937720329024677	71	41	1781	1624
tumour_pheochromocytoma_paraganglioma	tumour_rectum_adenocarcinoma	0.0	0.0	71	44	1781	1554
tumour_pheochromocytoma_paraganglioma	tumour_testicular_germ_cell_tumor	0.0	0.0	71	93	1781	3850
tumour_pancreatic_adenocarcinoma	tumour_rectum_adenocarcinoma	0.011904761904761904	0.0	41	44	1624	1554
tumour_pancreatic_adenocarcinoma	tumour_testicular_germ_cell_tumor	0.0	0.0	41	93	1624	3850
tumour_rectum_adenocarcinoma	tumour_testicular_germ_cell_tumor	0.014814814814814815	0.0	44	93	1554	3850
